lake,Year,Month,v0_curnt,v01_P,v02_N,v03_Secchi,v04_Strat,v05_tem,v06_rain,v07_wind,v08_solar,v09_depth,v10_elev,v11_pastu,v12_crop,v13_forest,v14_wetld,v15_lwRatio,Target
1,2014,6,1684676,0.0978,2.203,1.5,1,14.07571429,4.424285714,10.48,19.01220714,2.5,790,0.160819201,62.465566,22.678113,2.120006,0.0106257,1
1,2014,7,4492471,0.0462,1.8738,1.2,0,18.03956522,2.314782609,10.4226087,21.25877826,2.5,790,0.160819201,62.465566,22.678113,2.120006,0.0106257,1
1,2014,8,7810776,0.0465,1.803,1,0,16.37923077,0.546153846,7.738461538,14.18236923,2.5,790,0.160819201,62.465566,22.678113,2.120006,0.0106257,1
1,2016,7,7147120,0.043,1.425,0.8,1,15.50625,5.65125,7.86,16.745125,2.5,790,0.160819201,62.465566,22.678113,2.120006,0.0106257,1
1,2016,7,15213156,0.038,1.4025,0.7,1,17.74041667,4.141666667,7.200416667,15.9996375,2.5,790,0.160819201,62.465566,22.678113,2.120006,0.0106257,1
1,2016,8,16336277,0.033,1.6025,0.7,1,11.54533333,1.162,9.576,12.24935333,2.5,790,0.160819201,62.465566,22.678113,2.120006,0.0106257,1
2,1987,5,3930915,0.303,2.9505,0.5,0,15.53789474,1.769473684,15.78052632,19.21701053,2.9,739,0.296409133,38.109923,36.362087,3.474954,0.119026405,0
2,1987,6,944438,0.149,2.405,1.3,0,15.479375,3.345625,9.9,17.1576625,2.9,739,0.296409133,38.109923,36.362087,3.474954,0.119026405,1
2,2017,6,2042034,0.26,4.6025,0.5,0,17.2508,1.5108,10.114,19.44284,2.9,739,0.296409133,38.109923,36.362087,3.474954,0.119026405,1
2,2017,7,4878191,0.54,7.1079,0.25,0,15.351,1.927,5.687,16.55858,2.9,739,0.296409133,38.109923,36.362087,3.474954,0.119026405,1
2,2017,8,7374011,0.46,5.6021,0.25,0,13.35241379,1.749310345,8.916551724,12.86362414,2.9,739,0.296409133,38.109923,36.362087,3.474954,0.119026405,1
3,1990,5,1402978,0.0639,0.832,1.6,1,9.465625,1.353125,10.68625,20.26705625,16.5,579,0.099441709,14.277129,65.715457,13.243349,0.015343729,1
3,1990,8,10828384,0.0945,1.691,0.95,1,13.1,1.775,10.95545455,12.40004545,16.5,579,0.099441709,14.277129,65.715457,13.243349,0.015343729,1
3,1990,9,13911036,0.0711,1.265,1.6,0,4.425714286,0.85,12.49214286,7.49935,16.5,579,0.099441709,14.277129,65.715457,13.243349,0.015343729,1
3,1991,8,8628838,0.0727,1.542,0.8,1,12.89454545,1.470454545,9.872727273,12.57147273,16.5,579,0.099441709,14.277129,65.715457,13.243349,0.015343729,1
3,1993,5,940526,0.0442,1.08,1.6,1,11.17142857,0.192857143,12.90142857,20.66769286,16.5,579,0.099441709,14.277129,65.715457,13.243349,0.015343729,0
3,1993,6,181544,0.038,0.871,3.6,1,14.21375,3.473125,12.99625,18.1312875,16.5,579,0.099441709,14.277129,65.715457,13.243349,0.015343729,1
3,1993,8,9099042,0.1041,1.438,1.1,1,12.43307692,0.658461538,8.717692308,13.66984615,16.5,579,0.099441709,14.277129,65.715457,13.243349,0.015343729,1
3,1993,9,6660235,0.0885,1.281,1.2,0,7.665294118,0.195882353,13.25294118,9.153270588,16.5,579,0.099441709,14.277129,65.715457,13.243349,0.015343729,1
3,1994,5,266848,0.0665,1.053,1.7,1,10.204,2.0495,12.892,19.01496,16.5,579,0.099441709,14.277129,65.715457,13.243349,0.015343729,0
3,1994,7,3149670,0.0617,1.332,1.8,1,17.69535714,1.225357143,8.792857143,18.34650357,16.5,579,0.099441709,14.277129,65.715457,13.243349,0.015343729,1
3,1994,8,4844802,0.1001,1.435,1.8,1,12.55466667,1.986,10.648,12.87173333,16.5,579,0.099441709,14.277129,65.715457,13.243349,0.015343729,1
3,1994,9,10761368,0.1237,1.281,1.8,0,5.557777778,2.348888889,12.43,5.7145,16.5,579,0.099441709,14.277129,65.715457,13.243349,0.015343729,1
3,1995,6,1135195,0.0471,0.943,1.7,1,14.688125,6.075625,10.02125,19.30714375,16.5,579,0.099441709,14.277129,65.715457,13.243349,0.015343729,1
3,1995,7,5796265,0.0833,1.368,0.9,1,16.55461538,1.565384615,8.654615385,19.79606154,16.5,579,0.099441709,14.277129,65.715457,13.243349,0.015343729,1
3,1995,9,11466764,0.072,1.305,1.7,1,7.968823529,0.321764706,10.03588235,7.596511765,16.5,579,0.099441709,14.277129,65.715457,13.243349,0.015343729,1
3,2003,5,25525,0.0446,1.033,2.5,1,14.19,4.74375,14.985,18.79245,16.5,579,0.099441709,14.277129,65.715457,13.243349,0.015343729,0
3,2003,6,51049,0.0388,0.899,5.4,1,13.1875,10.315,13.61125,15.7705375,16.5,579,0.099441709,14.277129,65.715457,13.243349,0.015343729,0
3,2003,7,144643,0.044,0.872,4.2,1,17.705,4.5725,10.55125,20.4154125,16.5,579,0.099441709,14.277129,65.715457,13.243349,0.015343729,0
3,2003,7,1003999,0.0831,0.958,3.2,1,19.04777778,2.257777778,11.28333333,17.2324,16.5,579,0.099441709,14.277129,65.715457,13.243349,0.015343729,1
3,2003,8,3139627,0.111,1.222,1.7,1,14.28933333,0.484666667,10.348,14.54487333,16.5,579,0.099441709,14.277129,65.715457,13.243349,0.015343729,1
3,2003,9,2263253,0.1836,1.366,1.4,0,8.423,0.365,9.616,9.8591,16.5,579,0.099441709,14.277129,65.715457,13.243349,0.015343729,0
3,2005,5,967868,0.0705,1.076,1.7,1,12.24133333,1.196666667,13.51466667,21.97721333,16.5,579,0.099441709,14.277129,65.715457,13.243349,0.015343729,0
3,2005,6,57416,0.076,1.0225,3.9,1,13.60428571,2.029285714,11.375,17.66824286,16.5,579,0.099441709,14.277129,65.715457,13.243349,0.015343729,1
3,2005,7,13436566,0.0977,2.2625,1.75,1,16.02380952,2.734285714,10.5647619,16.93204762,16.5,579,0.099441709,14.277129,65.715457,13.243349,0.015343729,1
3,2005,8,3983950,0.1412,1.474,2.95,1,10.07,4.34,9.11,10.1307,16.5,579,0.099441709,14.277129,65.715457,13.243349,0.015343729,0
3,2005,8,972637,0.1203,1.567,1.75,1,10.674375,1.225625,9.188125,11.88868125,16.5,579,0.099441709,14.277129,65.715457,13.243349,0.015343729,1
3,2005,9,8297867,0.0985,1.512,1.4,0,5.458666667,0.671333333,11.55,7.916906667,16.5,579,0.099441709,14.277129,65.715457,13.243349,0.015343729,0
3,2007,5,869441,0.09,1.1825,0.8,1,12.35285714,0.718214286,11.89928571,20.00792143,16.5,579,0.099441709,14.277129,65.715457,13.243349,0.015343729,1
3,2007,6,4462030,0.062,1.175,1.5,1,16.535,6.618,11.785,20.14583,16.5,579,0.099441709,14.277129,65.715457,13.243349,0.015343729,1
3,2007,7,3248096,0.054,1.5525,1.1,1,21.08,1.6475,11.8425,16.23995,16.5,579,0.099441709,14.277129,65.715457,13.243349,0.015343729,1
3,2007,8,2318506,0.086,1.526,1.25,1,12.22222222,0.995555556,9.158888889,13.22648889,16.5,579,0.099441709,14.277129,65.715457,13.243349,0.015343729,1
3,2007,8,2985624,0.121,1.415,2.1,1,11.49866667,1.621333333,10.44933333,12.63157333,16.5,579,0.099441709,14.277129,65.715457,13.243349,0.015343729,1
3,2007,9,5872820,0.1,1.266,2,0,6.323157895,0.157894737,12.22105263,8.648457895,16.5,579,0.099441709,14.277129,65.715457,13.243349,0.015343729,1
3,2011,5,29320,0.069,1.3825,1.7,1,10.57666667,0.821111111,10.22222222,18.65495556,16.5,579,0.099441709,14.277129,65.715457,13.243349,0.015343729,0
3,2011,6,872666,0.074,1.1725,4,1,15.59333333,4.452222222,11.66,18.06361111,16.5,579,0.099441709,14.277129,65.715457,13.243349,0.015343729,1
3,2011,7,5623454,0.151,2.5625,0.9,1,17.31285714,1.13,9.158571429,18.86015714,16.5,579,0.099441709,14.277129,65.715457,13.243349,0.015343729,1
3,2011,8,4743806,0.144,2.6825,0.65,1,15.45058824,1.534117647,9.383529412,17.37324706,16.5,579,0.099441709,14.277129,65.715457,13.243349,0.015343729,1
3,2011,9,3363605,0.122,2.082,1.25,1,10.68545455,0.879545455,11.98227273,9.490145455,16.5,579,0.099441709,14.277129,65.715457,13.243349,0.015343729,0
3,2013,5,38286,0.065,1.22,3.7,1,13.11266667,2.253333333,11.07466667,15.96524,16.5,579,0.099441709,14.277129,65.715457,13.243349,0.015343729,1
3,2013,6,4475456,0.063,1.7625,1.4,1,19.875,2.585,9.541666667,22.96263333,16.5,579,0.099441709,14.277129,65.715457,13.243349,0.015343729,0
3,2013,7,1523016,0.074,1.5525,1.8,1,16.12222222,1.287777778,7.45,18.05015556,16.5,579,0.099441709,14.277129,65.715457,13.243349,0.015343729,1
3,2013,8,5989967,0.084,1.7725,1.5,1,16.15285714,0.538571429,8.452857143,15.83738571,16.5,579,0.099441709,14.277129,65.715457,13.243349,0.015343729,1
3,2013,8,7096069,0.137,2.7625,0.6,1,16.58066667,1.549333333,7.752666667,14.32663333,16.5,579,0.099441709,14.277129,65.715457,13.243349,0.015343729,0
3,2013,9,714709,0.139,1.816,2.1,1,6.029285714,1.789285714,9.087142857,7.473971429,16.5,579,0.099441709,14.277129,65.715457,13.243349,0.015343729,0
3,2015,5,51050,0.089,1.313,5.5,1,13.526,0.883333333,11.072,20.06344667,16.5,579,0.099441709,14.277129,65.715457,13.243349,0.015343729,1
3,2015,6,19399330,0.14,3.7025,0.3,1,19.14142857,0.575714286,7.68,21.74508571,16.5,579,0.099441709,14.277129,65.715457,13.243349,0.015343729,1
3,2015,7,9427395,0.044,1.9025,1.8,1,17.284,3.011,11.567,15.23072,16.5,579,0.099441709,14.277129,65.715457,13.243349,0.015343729,1
3,2015,8,7912886,0.076,2.0069,1.5,1,17.63888889,2.778888889,6.456666667,16.56876667,16.5,579,0.099441709,14.277129,65.715457,13.243349,0.015343729,1
3,2015,8,16744690,0.093,1.8025,1.6,1,14.09375,0.37,9.44125,14.1659375,16.5,579,0.099441709,14.277129,65.715457,13.243349,0.015343729,1
3,2015,9,3097085,0.11,1.932,4,1,8.22375,0.24125,9.5775,10.3462625,16.5,579,0.099441709,14.277129,65.715457,13.243349,0.015343729,0
3,2017,5,0,0.13,1.52,1.8,1,15.26666667,0.906,11.74733333,21.47609333,16.5,579,0.099441709,14.277129,65.715457,13.243349,0.015343729,0
3,2017,6,1314559,0.076,1.36,3.1,1,15.655625,3.123125,11.899375,19.16509375,16.5,579,0.099441709,14.277129,65.715457,13.243349,0.015343729,1
3,2017,7,1557050,0.086,1.523,3,1,16.73333333,7.344666667,8.121333333,18.39752,16.5,579,0.099441709,14.277129,65.715457,13.243349,0.015343729,0
3,2017,8,693439,0.095,1.414,1.9,1,14.41310345,0.705517241,9.304137931,14.55806552,16.5,579,0.099441709,14.277129,65.715457,13.243349,0.015343729,1
3,2017,9,4951934,0.16,1.746,2,1,9.17375,0.28625,12.94875,8.5704125,16.5,579,0.099441709,14.277129,65.715457,13.243349,0.015343729,0
4,1990,5,1585771,0.1077,1.112,1.75,1,9.484375,1.295625,10.79875,21.40266875,26,579,0.099441709,14.277129,65.715457,13.243349,0.01721151,1
4,1990,7,10498895,0.0454,1.362,0.95,1,18.245,0,9.991428571,22.09309286,26,579,0.099441709,14.277129,65.715457,13.243349,0.01721151,1
4,1990,8,6441511,0.0411,1.205,1.2,1,13.08363636,1.910454545,10.97272727,12.80072727,26,579,0.099441709,14.277129,65.715457,13.243349,0.01721151,1
4,1991,8,6289109,0.0457,1.173,1.1,1,12.99045455,1.401818182,9.89,12.69579091,26,579,0.099441709,14.277129,65.715457,13.243349,0.01721151,1
4,1993,5,1443599,0.0851,1.205,1.4,1,11.19785714,0.187142857,12.84357143,20.79977143,26,579,0.099441709,14.277129,65.715457,13.243349,0.01721151,1
4,1993,6,2139150,0.0383,0.971,2.5,1,14.255,3.14875,13.014375,18.05966875,26,579,0.099441709,14.277129,65.715457,13.243349,0.01721151,0
4,1993,8,10403217,0.054,1.283,1.2,1,12.46615385,0.639230769,8.747692308,14.67890769,26,579,0.099441709,14.277129,65.715457,13.243349,0.01721151,1
4,1993,9,22146110,0.052,2.0305,1.5,1,7.694705882,0.150588235,13.23352941,9.419047059,26,579,0.099441709,14.277129,65.715457,13.243349,0.01721151,1
4,1994,5,857411,0.0858,1.121,1.4,1,10.211,2.0875,13.2295,19.3382,26,579,0.099441709,14.277129,65.715457,13.243349,0.01721151,1
4,1994,7,2909070,0.0415,1.281,1.3,1,17.83571429,1.3375,8.950357143,18.68566071,26,579,0.099441709,14.277129,65.715457,13.243349,0.01721151,1
4,1994,8,4232370,0.0735,1.524,1.4,1,12.66133333,1.978,10.87733333,13.09648,26,579,0.099441709,14.277129,65.715457,13.243349,0.01721151,1
4,1995,5,2485286,0.0852,1.172,1.4,1,10.60666667,0.900666667,11.32866667,19.04747333,26,579,0.099441709,14.277129,65.715457,13.243349,0.01721151,0
4,1995,6,1036767,0.039,0.951,1.6,1,14.7475,6.3225,10.195,19.23743125,26,579,0.099441709,14.277129,65.715457,13.243349,0.01721151,1
4,1995,7,11401145,0.0739,1.353,1.1,1,16.60538462,1.722307692,8.614615385,20.73676154,26,579,0.099441709,14.277129,65.715457,13.243349,0.01721151,1
4,1995,9,11696430,0.0505,1.199,1.5,1,8.017647059,0.303529412,10.34294118,7.868223529,26,579,0.099441709,14.277129,65.715457,13.243349,0.01721151,1
4,2003,5,51048,0.0702,0.894,2.1,1,14.20125,4.90125,15.25875,18.3023625,26,579,0.099441709,14.277129,65.715457,13.243349,0.01721151,0
4,2003,6,61260,0.0454,0.8525,6.1,1,13.23375,9.725,13.8425,15.7602,26,579,0.099441709,14.277129,65.715457,13.243349,0.01721151,0
4,2003,7,246743,0.0388,1.029,4,1,17.84125,3.9075,10.585,20.3133625,26,579,0.099441709,14.277129,65.715457,13.243349,0.01721151,0
4,2003,7,561556,0.0337,0.989,3.5,1,19.09444444,2.133333333,11.32666667,17.48451111,26,579,0.099441709,14.277129,65.715457,13.243349,0.01721151,1
4,2003,8,2467455,0.0547,1.2125,2.5,1,14.34,0.564666667,10.35666667,14.49259333,26,579,0.099441709,14.277129,65.715457,13.243349,0.01721151,1
4,2003,9,5836815,0.0699,1.284,1.5,1,8.4215,0.3305,9.667,9.91238,26,579,0.099441709,14.277129,65.715457,13.243349,0.01721151,0
4,2005,5,1197532,0.0886,1.3025,1.8,1,12.33133333,1.163333333,13.738,22.08721333,26,579,0.099441709,14.277129,65.715457,13.243349,0.01721151,0
4,2005,6,787417,0.0489,1.0725,4,1,13.61142857,2.053571429,11.57785714,16.62987143,26,579,0.099441709,14.277129,65.715457,13.243349,0.01721151,1
4,2005,7,19942933,0.0614,2.0325,1,1,15.97619048,2.577619048,10.57285714,16.97699048,26,579,0.099441709,14.277129,65.715457,13.243349,0.01721151,1
4,2005,8,26225328,0.1011,2.5425,0.7,1,9.98,3.68,9.22,10.03825,26,579,0.099441709,14.277129,65.715457,13.243349,0.01721151,1
4,2005,8,8858432,0.0881,1.877,1.3,1,10.6275,1.205625,9.20875,11.377875,26,579,0.099441709,14.277129,65.715457,13.243349,0.01721151,0
4,2005,9,795230,0.0819,1.45,2.8,1,5.522,0.670666667,11.52933333,7.93156,26,579,0.099441709,14.277129,65.715457,13.243349,0.01721151,0
4,2007,5,262472,0.179,1.8725,0.48,1,12.36035714,0.703571429,12.07,19.72107143,26,579,0.099441709,14.277129,65.715457,13.243349,0.01721151,1
4,2007,6,2821579,0.038,1.106,1.7,1,16.56,6.095,11.854,20.09156,26,579,0.099441709,14.277129,65.715457,13.243349,0.01721151,1
4,2007,7,3838658,0.043,1.485,1.1,1,21.13625,1.36625,11.78875,15.905325,26,579,0.099441709,14.277129,65.715457,13.243349,0.01721151,1
4,2007,8,4921358,0.049,1.47,1.2,1,12.37,0.863333333,9.234444444,13.26363333,26,579,0.099441709,14.277129,65.715457,13.243349,0.01721151,1
4,2007,8,3652741,0.081,1.6225,0.9,1,11.73,1.534666667,10.522,12.59424,26,579,0.099441709,14.277129,65.715457,13.243349,0.01721151,1
4,2011,5,49148,0.055,1.245,3.7,1,10.65,0.755555556,10.28111111,18.63888889,26,579,0.099441709,14.277129,65.715457,13.243349,0.01721151,0
4,2011,6,394482,0.053,1.1625,3.1,1,15.68,4.29,11.73888889,18.06267778,26,579,0.099441709,14.277129,65.715457,13.243349,0.01721151,1
4,2011,7,27646016,0.153,4.186,0.5,1,17.40714286,1.037142857,9.157142857,18.8553,26,579,0.099441709,14.277129,65.715457,13.243349,0.01721151,1
4,2011,8,13641494,0.091,2.6625,0.95,1,15.52294118,1.496470588,9.364705882,17.35695294,26,579,0.099441709,14.277129,65.715457,13.243349,0.01721151,0
4,2011,9,2245235,0.069,1.72,2,1,10.77590909,0.856818182,11.98727273,9.337631818,26,579,0.099441709,14.277129,65.715457,13.243349,0.01721151,0
4,2013,5,0,0.076,1.296,2.4,1,13.18,2.142,11.11533333,16.28657333,26,579,0.099441709,14.277129,65.715457,13.243349,0.01721151,1
4,2013,6,11026993,0.059,1.7325,1.8,1,19.99,2.406666667,9.576666667,22.86376667,26,579,0.099441709,14.277129,65.715457,13.243349,0.01721151,1
4,2013,7,3573559,0.055,1.4825,2.3,1,16.23777778,1.18,7.436666667,18.08255556,26,579,0.099441709,14.277129,65.715457,13.243349,0.01721151,1
4,2013,8,12864824,0.104,2.0925,1,1,16.23285714,0.49,8.467142857,15.85042857,26,579,0.099441709,14.277129,65.715457,13.243349,0.01721151,1
4,2013,8,4492476,0.063,1.7725,1,1,16.65866667,1.572,7.748666667,14.31757333,26,579,0.099441709,14.277129,65.715457,13.243349,0.01721151,0
4,2013,9,1225214,0.061,1.537,2.4,1,6.132142857,1.778571429,9.096428571,7.467707143,26,579,0.099441709,14.277129,65.715457,13.243349,0.01721151,0
4,2015,5,51050,0.084,1.433,3.3,1,13.56733333,0.78,11.19866667,20.22212,26,579,0.099441709,14.277129,65.715457,13.243349,0.01721151,1
4,2015,6,7045021,0.092,2.8025,0.4,1,19.24285714,0.592857143,7.69,21.60955714,26,579,0.099441709,14.277129,65.715457,13.243349,0.01721151,1
4,2015,7,9597565,0.061,2.4025,1.4,1,17.413,2.976,11.578,15.22671,26,579,0.099441709,14.277129,65.715457,13.243349,0.01721151,0
4,2015,8,663661,0.032,1.4064,2.5,1,17.76333333,2.552222222,6.5,16.5726,26,579,0.099441709,14.277129,65.715457,13.243349,0.01721151,1
4,2015,8,2007998,0.06,1.5025,1.65,1,14.285,0.35125,9.69625,14.14435,26,579,0.099441709,14.277129,65.715457,13.243349,0.01721151,1
4,2015,9,3692678,0.035,1.454,5,1,8.32625,0.30625,10.1325,10.3697875,26,579,0.099441709,14.277129,65.715457,13.243349,0.01721151,0
4,2017,5,0,0.12,1.36,3,1,15.33466667,0.968666667,12.30666667,21.00162,26,579,0.099441709,14.277129,65.715457,13.243349,0.01721151,0
4,2017,6,326724,0.072,1.47,3,1,15.76,3.0425,12.34625,19.2348875,26,579,0.099441709,14.277129,65.715457,13.243349,0.01721151,0
4,2017,7,187182,0.056,1.733,3.3,1,16.86933333,7.330666667,8.432666667,18.33648,26,579,0.099441709,14.277129,65.715457,13.243349,0.01721151,0
4,2017,8,1460052,0.064,1.427,2.2,1,14.55793103,0.673103448,9.588275862,14.53708276,26,579,0.099441709,14.277129,65.715457,13.243349,0.01721151,1
4,2017,9,1761254,0.08,1.532,2,1,9.2375,0.3725,13.245,8.5682,26,579,0.099441709,14.277129,65.715457,13.243349,0.01721151,0
5,2013,6,612608,0.0293,0.695,3.5,1,16.81333333,1.314666667,8.543333333,21.28851333,13,837,0.303495417,23.359667,68.372506,0.988414,0.040793359,1
5,2013,7,2603588,0.0417,0.895,1.2,1,14.58,0.897142857,11.76571429,15.58577143,13,837,0.303495417,23.359667,68.372506,0.988414,0.040793359,1
6,2014,6,25525,0.007,1.206,0.95,1,13.707,1.8845,12.939,20.29055,6,1457,0,0,80.96727,0,0.145784734,0
6,2014,7,25525,0.007,0.1915,3.8,0,13.85666667,2.606666667,14.09666667,14.1696,6,1457,0,0,80.96727,0,0.145784734,0
6,2014,8,38287,0.007,0.275,5.4,0,16.07333333,0.018333333,8.218333333,21.64136667,6,1457,0,0,80.96727,0,0.145784734,0
6,2014,8,165913,0.012,0.3415,3.6,0,8.916363636,3.890454545,11.71681818,14.16082727,6,1457,0,0,80.96727,0,0.145784734,0
7,2017,6,43756,0.019,1.2025,6.8,1,14.65285714,0.632857143,13.98714286,20.1727,11,649,0.504639579,60.081765,20.111804,0.42335,0.152076584,0
7,2017,7,90753,0.036,1.2021,6.4,1,16.478125,2.94125,11.576875,18.46108125,11,649,0.504639579,60.081765,20.111804,0.42335,0.152076584,0
7,2017,8,387984,0.018,1.1021,3.7,1,15.62590909,0.858181818,12.03545455,15.98944545,11,649,0.504639579,60.081765,20.111804,0.42335,0.152076584,0
8,2017,6,131269,0.039,2.06,4.25,0,13.775,2.814166667,11.00833333,18.370625,7,730,0.23844047,25.841144,48.157908,2.467667,0.181257675,1
8,2017,7,3624601,0.06,2.7021,1,1,16.85266667,2.866666667,9.199333333,18.42678,7,730,0.23844047,25.841144,48.157908,2.467667,0.181257675,1
8,2017,8,7198170,0.054,2.1021,1,1,15.7704,1.2724,7.75,16.498476,7,730,0.23844047,25.841144,48.157908,2.467667,0.181257675,1
9,2007,7,340338,1.05,3.032,0.15,1,20.44909091,1.573181818,10.63909091,19.86855455,0.5,736,0.281888222,72.025185,4.993139,0.638292,0.094336933,1
10,2006,7,13783740,0.01,0.613,1.4,1,15.81933333,4.940666667,8.317333333,14.78041333,10.5,882,0.405075143,36.283319,48.452389,2.47975,0.093479035,1
10,2006,8,20062991,0.159,1.883,1.1,1,14.6752,4.0148,8.0364,14.434692,10.5,882,0.405075143,36.283319,48.452389,2.47975,0.093479035,0
10,2013,6,0,0.0241,1.143,2.8,1,15.2237037,2.089259259,9.41037037,19.2196,10.5,882,0.405075143,36.283319,48.452389,2.47975,0.093479035,1
10,2013,7,4262746,0.0397,1.103,2,1,14.20333333,0.953333333,10.17,17.03208889,10.5,882,0.405075143,36.283319,48.452389,2.47975,0.093479035,1
10,2016,7,4747731,0.021,0.995,2.2,1,14.64625,2.81625,8.09875,18.17435,10.5,882,0.405075143,36.283319,48.452389,2.47975,0.093479035,1
10,2016,7,6534509,0.063,1.1025,1.8,1,16.93181818,3.412272727,8.525,16.05844545,10.5,882,0.405075143,36.283319,48.452389,2.47975,0.093479035,1
10,2016,8,2892881,0.17,1.241,2.5,0,10.93333333,2.872,9.624666667,10.91009333,10.5,882,0.405075143,36.283319,48.452389,2.47975,0.093479035,1
11,2014,6,2393717,0.0436,2.323,2,0,17.5735,1.8715,13.0825,21.380465,7,781,0.150016098,67.175271,14.731668,2.00191,0.059066831,0
11,2014,7,1378372,0.0339,2.343,1.75,1,18.884375,2.333125,9.23125,17.28715625,7,781,0.150016098,67.175271,14.731668,2.00191,0.059066831,1
11,2014,8,1914405,0.044,2.173,2,1,11.16266667,2.683333333,11.38333333,11.87846667,7,781,0.150016098,67.175271,14.731668,2.00191,0.059066831,0
13,2017,6,385716,0.022,0.6625,2.2,1,15.07695652,2.561304348,13.04086957,19.10191304,17.5,594,0.000753765,0,55.195476,29.993232,0.113545136,0
14,2016,7,5547527,0.37,1.825,1.2,1,17.273,3.972,14.55,18.24965,3.5,805,0.016477309,1.116663,0,0.16962,0.049846577,0
14,2016,7,238232,0.85,2.11,2.1,0,18.66142857,5.584285714,13.825,15.67511429,3.5,805,0.016477309,1.116663,0,0.16962,0.049846577,0
15,2013,6,765759,0.0606,1.4797,1.5,0,14.20933333,3.568,13.078,15.42294667,5,704,0.171930392,81.172603,9.811005,0.771968,0.009481358,1
15,2013,7,4186171,0.139,1.9886,1.8,0,15.48833333,2.542333333,10.62766667,18.23705,5,704,0.171930392,81.172603,9.811005,0.771968,0.009481358,1
15,2013,8,28690589,0.236,1.733,1.4,0,15.83142857,2.688571429,9.435714286,17.93328571,5,704,0.171930392,81.172603,9.811005,0.771968,0.009481358,0
15,2016,7,4305287,0.28,1.833,1.3,0,16.116,4.142,10,15.61125,5,704,0.171930392,81.172603,9.811005,0.771968,0.009481358,1
15,2016,7,9665628,0.38,1.9025,1.9,1,16.70538462,4.652307692,11.19384615,15.95956923,5,704,0.171930392,81.172603,9.811005,0.771968,0.009481358,0
15,2016,8,163362,0.38,1.513,1,0,11.9325,1.070714286,12.42035714,11.58170714,5,704,0.171930392,81.172603,9.811005,0.771968,0.009481358,0
16,2017,6,204199,0.017,0.4525,4.3,1,14.491875,2.816875,11.58125,16.9865375,90,536,0.028450813,1.319545,60.069409,15.666274,0.195613907,0
16,2017,7,476469,0.013,0.4821,5.25,1,17.20928571,3.577857143,9.588928571,15.33429286,90,536,0.028450813,1.319545,60.069409,15.666274,0.195613907,1
16,2017,8,1837823,0.011,0.5021,5,1,16.445,0.241,10.11,14.50656,90,536,0.028450813,1.319545,60.069409,15.666274,0.195613907,0
17,2008,7,612607,0.011,0.7743,2.75,1,15.167,1.7505,9.271,18.61592,3,1035,0.060486996,3.656134,37.466671,10.128376,0.428429112,0
17,2008,8,1301794,0.011,0.813,3,0,9.43,1.864545455,7.489090909,13.03969091,3,1035,0.060486996,3.656134,37.466671,10.128376,0.428429112,0
17,2015,6,1310302,0.008,0.8125,2.7,0,17.3573913,1.589565217,8.926521739,19.68498696,3,1035,0.060486996,3.656134,37.466671,10.128376,0.428429112,1
17,2015,7,1710201,0.014,1.8096,1.9,0,16.12333333,1.803333333,7.710833333,18.97894167,3,1035,0.060486996,3.656134,37.466671,10.128376,0.428429112,1
17,2015,8,2161150,0.02,1.511,1.7,1,9.937333333,2.495333333,7.58,12.15645667,3,1035,0.060486996,3.656134,37.466671,10.128376,0.428429112,0
18,2017,7,81679,0.018,0.3586,3.1,1,19.435,0,12.775,27.05085,15,784,0.020670223,67.337107,0.181377,1.09515,0.02091865,0
18,2017,7,204199,0.026,0.435,2.1,0,16.86,0,8.1,27.3124,15,784,0.020670223,67.337107,0.181377,1.09515,0.02091865,0
18,2017,8,1365608,0.021,0.603,2.8,1,16.82529412,0.278823529,12.16705882,18.55578235,15,784,0.020670223,67.337107,0.181377,1.09515,0.02091865,1
19,2017,6,635297,0.013,0.9225,2.3,0,14.879375,1.258125,11.193125,21.219525,3,964,0.013285749,0.870884,44.148119,9.72269,0.338005586,0
19,2017,7,975634,0.012,1.2021,2.1,0,14.53,1.292777778,8.168888889,19.40650556,3,964,0.013285749,0.870884,44.148119,9.72269,0.338005586,1
19,2017,8,5422736,0.017,1.1021,1.8,0,14.16535714,1.16,7.369285714,15.20113571,3,964,0.013285749,0.870884,44.148119,9.72269,0.338005586,0
21,2007,7,1565553,0.214,1.659,1.5,1,21.904,1.177,11.1365,21.09005,4,685,0.135417668,76.124569,12.277692,0.723746,0.001779005,1
21,2007,8,3726707,0.423,2.703,0.7,0,14.10666667,2.210416667,12.76791667,14.91055833,4,685,0.135417668,76.124569,12.277692,0.723746,0.001779005,0
21,2013,6,153148,0.222,1.935,2.4,1,14.672,2.926666667,14.548,16.30668667,4,685,0.135417668,76.124569,12.277692,0.723746,0.001779005,1
21,2013,7,2629117,0.142,1.6823,2.2,1,15.88258065,1.98516129,11.2483871,18.5699871,4,685,0.135417668,76.124569,12.277692,0.723746,0.001779005,1
21,2013,8,4322299,0.329,1.6519,1.4,1,17.1725,3.33875,9.74875,14.5821,4,685,0.135417668,76.124569,12.277692,0.723746,0.001779005,1
22,2017,6,8406373,0.16,1.531,0.5,0,17.68730769,1.31,14.52692308,22.98625,4,924,0.033016121,72.522156,0.348241,3.181351,0.085118619,1
22,2017,7,48294126,0.15,3.5021,0.5,1,18.16333333,0.928333333,12.33166667,18.46708333,4,924,0.033016121,72.522156,0.348241,3.181351,0.085118619,1
22,2017,8,5322901,0.14,1.435,0.5,0,17.42,0,10.85846154,19.97761538,4,924,0.033016121,72.522156,0.348241,3.181351,0.085118619,1
23,1986,6,1123116,0.023,0.6805,3.6,1,13.70882353,1.76,10.94705882,20.87798824,30.5,542,0.043483488,2.954132,69.480159,8.504582,0.037042862,0
23,1986,7,714706,0.017,0.572,5.3,1,15.02214286,5.103571429,9.919285714,13.2941,30.5,542,0.043483488,2.954132,69.480159,8.504582,0.037042862,0
23,1986,7,191438,0.031,0.702,3.9,1,17.42571429,1.460714286,8.438571429,18.55410714,30.5,542,0.043483488,2.954132,69.480159,8.504582,0.037042862,0
23,1986,8,484978,0.019,0.6605,4.75,1,12.23117647,0.708235294,8.971176471,13.36278824,30.5,542,0.043483488,2.954132,69.480159,8.504582,0.037042862,0
23,1986,9,578565,0.021,0.7605,3,1,5.575,0.9945,13.0135,6.66157,30.5,542,0.043483488,2.954132,69.480159,8.504582,0.037042862,0
23,1987,5,102099,0.033,0.686,3,1,10.5175,1.1925,11.6735,18.76575,30.5,542,0.043483488,2.954132,69.480159,8.504582,0.037042862,0
23,1987,6,216963,0.023,0.5625,4.25,1,16.86764706,1.195882353,11.13705882,21.04392941,30.5,542,0.043483488,2.954132,69.480159,8.504582,0.037042862,0
23,1987,7,370114,0.019,0.5655,3.25,1,16.96545455,3.018636364,8.077727273,17.54399091,30.5,542,0.043483488,2.954132,69.480159,8.504582,0.037042862,0
23,1987,8,395640,0.023,0.7035,2.5,1,11.744,1.967333333,6.398666667,14.45264,30.5,542,0.043483488,2.954132,69.480159,8.504582,0.037042862,1
23,1987,9,1973959,0.02,0.6055,2.75,1,12.80428571,0,8.09,13.39573571,30.5,542,0.043483488,2.954132,69.480159,8.504582,0.037042862,0
23,1987,10,918910,0.019,0.7155,3.75,1,4.214444444,0.207777778,12.12333333,6.693155556,30.5,542,0.043483488,2.954132,69.480159,8.504582,0.037042862,0
23,1988,5,25524,0.03,0.6305,3.75,1,14.69333333,3.266666667,12.77111111,16.73324444,30.5,542,0.043483488,2.954132,69.480159,8.504582,0.037042862,0
23,1988,6,91891,0.0175,0.6455,5.25,1,17.315,8.010714286,11.07285714,19.39108571,30.5,542,0.043483488,2.954132,69.480159,8.504582,0.037042862,0
23,1988,7,367565,0.0208,0.7625,3.4,1,16.65733333,1.890666667,11.42866667,19.76083333,30.5,542,0.043483488,2.954132,69.480159,8.504582,0.037042862,0
23,1988,8,982723,0.0216,0.6515,3,1,14.69136364,4.199545455,12.55954545,13.69563182,30.5,542,0.043483488,2.954132,69.480159,8.504582,0.037042862,0
23,1988,9,842336,0.0226,0.722,2.5,1,7.60125,1.13375,9.7325,8.12481875,30.5,542,0.043483488,2.954132,69.480159,8.504582,0.037042862,0
23,1989,5,51050,0.0277,0.695,3.1,1,9.711428571,2.612380952,10.71190476,17.20910476,30.5,542,0.043483488,2.954132,69.480159,8.504582,0.037042862,0
23,1989,6,12762,0.0174,0.581,5.3,1,13.856,3.165333333,9.379333333,18.19138667,30.5,542,0.043483488,2.954132,69.480159,8.504582,0.037042862,0
23,1989,7,459454,0.0156,0.5705,5.5,1,19.703125,1.94125,10.389375,17.1524625,30.5,542,0.043483488,2.954132,69.480159,8.504582,0.037042862,0
23,1989,8,293540,0.0173,0.602,5.25,1,13.97333333,6.166190476,9.461428571,10.6951,30.5,542,0.043483488,2.954132,69.480159,8.504582,0.037042862,0
23,1989,9,268014,0.0189,0.8415,3.9,1,7.76,0.275,10.64357143,10.72855714,30.5,542,0.043483488,2.954132,69.480159,8.504582,0.037042862,0
23,1990,5,25524,0.0157,0.748,3.3,0,8.828571429,0.572857143,10.05642857,20.89246429,30.5,542,0.043483488,2.954132,69.480159,8.504582,0.037042862,0
23,1990,6,25524,0.0218,0.622,3.9,1,14.81733333,1.224,11.84,19.91178667,30.5,542,0.043483488,2.954132,69.480159,8.504582,0.037042862,0
23,1990,7,216965,0.0191,0.661,3.6,1,16.2,2.223125,10.15875,18.33389375,30.5,542,0.043483488,2.954132,69.480159,8.504582,0.037042862,0
23,1990,8,587080,0.019,0.6005,4.5,1,17.54428571,1.125,7.37,18.32762143,30.5,542,0.043483488,2.954132,69.480159,8.504582,0.037042862,0
23,1990,8,778520,0.0252,0.732,2.3,1,13.45625,2.3075,10.418125,12.66463125,30.5,542,0.043483488,2.954132,69.480159,8.504582,0.037042862,0
23,1990,9,918913,0.0194,0.681,2.7,1,4.035384615,0.553076923,11.43615385,6.778792308,30.5,542,0.043483488,2.954132,69.480159,8.504582,0.037042862,0
23,1991,8,319062,0.0174,0.571,3.6,1,18.53375,0.846875,9.3825,15.255525,30.5,542,0.043483488,2.954132,69.480159,8.504582,0.037042862,0
23,1992,5,442437,0.0289,0.6905,2.2,1,6.711333333,2.594,16.08133333,14.05755333,30.5,542,0.043483488,2.954132,69.480159,8.504582,0.037042862,0
23,1992,6,25524,0.0242,0.6905,3.2,1,14.04666667,1.03,10.88,22.20082667,30.5,542,0.043483488,2.954132,69.480159,8.504582,0.037042862,0
23,1992,7,89336,0.0236,0.642,5.6,1,15.315,0.7325,7.63875,16.2319,30.5,542,0.043483488,2.954132,69.480159,8.504582,0.037042862,0
23,1992,7,255251,0.017,0.621,4.2,1,14.9,4.888333333,6.833333333,14.74715,30.5,542,0.043483488,2.954132,69.480159,8.504582,0.037042862,0
23,1992,8,395640,0.0179,0.732,4,1,13.40411765,2.060588235,8.251764706,16.39762353,30.5,542,0.043483488,2.954132,69.480159,8.504582,0.037042862,0
23,1992,9,433928,0.0176,0.661,3.7,1,7.637142857,0.567142857,12.19,10.86680714,30.5,542,0.043483488,2.954132,69.480159,8.504582,0.037042862,0
23,1993,5,63812,0.0235,0.752,3.6,1,9.363571429,0.101428571,10.90714286,20.26047143,30.5,542,0.043483488,2.954132,69.480159,8.504582,0.037042862,0
23,1993,6,127626,0.0235,0.7005,6.2,1,13.836875,1.97125,12.095625,18.17684375,30.5,542,0.043483488,2.954132,69.480159,8.504582,0.037042862,0
23,1993,7,319065,0.0175,0.692,4.8,1,11.99714286,1.471428571,9.774285714,21.10955714,30.5,542,0.043483488,2.954132,69.480159,8.504582,0.037042862,0
23,1993,7,280777,0.0156,0.611,4.9,1,16.95714286,1.008571429,12.8,17.15174286,30.5,542,0.043483488,2.954132,69.480159,8.504582,0.037042862,0
23,1993,8,306302,0.0171,0.699,4,1,14.3925,5.6525,7.74125,13.38878125,30.5,542,0.043483488,2.954132,69.480159,8.504582,0.037042862,0
23,1993,9,561555,0.0199,0.882,3.7,1,8.478666667,0.346666667,11.308,10.16836,30.5,542,0.043483488,2.954132,69.480159,8.504582,0.037042862,0
23,1994,5,0,0.0244,0.7005,3.3,1,10.89588235,2.652941176,11.19823529,16.24668824,30.5,542,0.043483488,2.954132,69.480159,8.504582,0.037042862,0
23,1994,6,25524,0.0223,0.701,3.5,1,12.84230769,3.943846154,8.996923077,19.93086923,30.5,542,0.043483488,2.954132,69.480159,8.504582,0.037042862,0
23,1994,7,8508,0.0186,0.6805,4.6,1,15.43375,3.63625,7.5,17.5031,30.5,542,0.043483488,2.954132,69.480159,8.504582,0.037042862,0
23,1994,7,561557,0.0184,0.675,6,1,20.26428571,0.425714286,6.291428571,19.06582857,30.5,542,0.043483488,2.954132,69.480159,8.504582,0.037042862,0
23,1994,8,268014,0.018,0.692,3.1,1,14.78055556,1.623333333,7.14,15.60449444,30.5,542,0.043483488,2.954132,69.480159,8.504582,0.037042862,0
23,1994,9,1352843,0.0217,0.7605,2.8,1,13.47714286,0.037857143,11.00357143,11.33355,30.5,542,0.043483488,2.954132,69.480159,8.504582,0.037042862,0
23,1995,5,102100,0.021,0.712,5,1,15.01,0.300666667,11.86266667,21.03096,30.5,542,0.043483488,2.954132,69.480159,8.504582,0.037042862,0
23,1995,6,12762,0.0223,0.671,4,1,14.21125,1.1,10.39125,19.5920625,30.5,542,0.043483488,2.954132,69.480159,8.504582,0.037042862,0
23,1995,7,187183,0.0176,0.661,5.2,1,17.15714286,1.101428571,10.24714286,19.26172857,30.5,542,0.043483488,2.954132,69.480159,8.504582,0.037042862,0
23,1995,8,906151,0.018,0.661,4,1,14.40625,10.76375,14.57,11.3737875,30.5,542,0.043483488,2.954132,69.480159,8.504582,0.037042862,0
23,1995,8,791283,0.0188,0.7105,2.8,1,12.96111111,2.658888889,10.79333333,13.88425556,30.5,542,0.043483488,2.954132,69.480159,8.504582,0.037042862,0
23,1995,9,1531522,0.0183,0.6605,3.2,1,8.183571429,0.6725,10.26535714,8.953317857,30.5,542,0.043483488,2.954132,69.480159,8.504582,0.037042862,0
23,2003,5,0,0.026,0.709,3.3,1,14.4325,3.65625,11.71375,16.285675,30.5,542,0.043483488,2.954132,69.480159,8.504582,0.037042862,0
23,2003,6,13612,0.0281,0.7125,4.6,1,13.63444444,3.781111111,13.95222222,17.27542222,30.5,542,0.043483488,2.954132,69.480159,8.504582,0.037042862,0
23,2003,7,272270,0.0223,0.6925,3.3,1,18.82,2.1675,12.60375,19.188525,30.5,542,0.043483488,2.954132,69.480159,8.504582,0.037042862,0
23,2003,7,319916,0.0209,0.7225,4.8,1,19.485,3.1375,13.665,15.99555,30.5,542,0.043483488,2.954132,69.480159,8.504582,0.037042862,0
23,2003,8,646639,0.017,0.6925,3.9,1,16.00315789,0.396842105,11.26,14.469,30.5,542,0.043483488,2.954132,69.480159,8.504582,0.037042862,0
23,2003,9,639831,0.0266,0.695,3.3,1,9.437222222,0.334444444,10.14166667,9.441688889,30.5,542,0.043483488,2.954132,69.480159,8.504582,0.037042862,0
23,2004,5,10210,0.0272,0.7025,3,1,12.58666667,4.541111111,11.48555556,15.15925556,30.5,542,0.043483488,2.954132,69.480159,8.504582,0.037042862,0
23,2004,6,5105,0.0235,0.6625,5,1,14.63,0.492857143,10.53142857,25.601,30.5,542,0.043483488,2.954132,69.480159,8.504582,0.037042862,0
23,2004,8,107205,0.0193,0.7025,3.1,1,15.405,0.58375,12.565,13.735925,30.5,542,0.043483488,2.954132,69.480159,8.504582,0.037042862,0
23,2004,8,401594,0.0214,0.737,2.7,1,10.683125,4.0025,11.358125,8.6972875,30.5,542,0.043483488,2.954132,69.480159,8.504582,0.037042862,0
23,2004,9,265461,0.0203,0.6925,3.3,1,8.714285714,0.32952381,11.42666667,9.128038095,30.5,542,0.043483488,2.954132,69.480159,8.504582,0.037042862,0
23,2006,5,34032,0.025,0.6725,3.1,1,12.31666667,3.809333333,12.69866667,16.37801333,30.5,542,0.043483488,2.954132,69.480159,8.504582,0.037042862,0
23,2006,6,293541,0.023,0.5525,3.5,1,17.9625,0.571875,12.42,21.6541125,30.5,542,0.043483488,2.954132,69.480159,8.504582,0.037042862,0
23,2006,7,191438,0.02,0.6125,3.5,1,17.58857143,1.345714286,11.53714286,18.45488571,30.5,542,0.043483488,2.954132,69.480159,8.504582,0.037042862,0
23,2006,8,1003994,0.026,0.7125,2.6,1,14.395,2.73,8.6,14.3338,30.5,542,0.043483488,2.954132,69.480159,8.504582,0.037042862,0
23,2006,8,1412400,0.028,0.7125,2.75,1,16.09416667,0.209583333,11.01333333,16.49604583,30.5,542,0.043483488,2.954132,69.480159,8.504582,0.037042862,0
23,2006,9,442434,0.032,0.7425,2.7,1,10.27142857,2.392857143,11.64,7.294828571,30.5,542,0.043483488,2.954132,69.480159,8.504582,0.037042862,0
23,2011,5,366519,0.024,0.8125,4.2,1,10.794,0.334,10.301,23.49896,30.5,542,0.043483488,2.954132,69.480159,8.504582,0.037042862,0
23,2011,6,1143583,0.022,0.7025,3.7,1,15.36142857,6.472857143,10.55428571,17.88707143,30.5,542,0.043483488,2.954132,69.480159,8.504582,0.037042862,0
23,2011,7,859293,0.02,0.768,3.5,1,17.965,4.05375,9.725,16.290475,30.5,542,0.043483488,2.954132,69.480159,8.504582,0.037042862,1
23,2011,8,3376679,0.033,0.7325,2,1,17.28733333,2.009333333,9.709333333,17.74933333,30.5,542,0.043483488,2.954132,69.480159,8.504582,0.037042862,1
23,2011,8,5466374,0.027,0.967,1.4,1,13.48625,0.49,8.5675,15.4838375,30.5,542,0.043483488,2.954132,69.480159,8.504582,0.037042862,1
23,2011,9,2429500,0.03,0.8725,2,1,12.016875,0.24875,12.148125,8.41383125,30.5,542,0.043483488,2.954132,69.480159,8.504582,0.037042862,1
23,2013,5,153152,0.035,0.8795,2.9,1,15.86333333,0.388888889,8.021111111,19.09031111,30.5,542,0.043483488,2.954132,69.480159,8.504582,0.037042862,0
23,2013,6,187185,0.035,0.7625,5.5,1,17.98375,1.780625,11.234375,19.87550625,30.5,542,0.043483488,2.954132,69.480159,8.504582,0.037042862,0
23,2013,7,1123116,0.059,0.6825,3.7,1,16.36857143,1.858571429,8.6,16.1519,30.5,542,0.043483488,2.954132,69.480159,8.504582,0.037042862,1
23,2013,8,1557048,0.02,0.6695,4,1,16.92,1.079,8.259,16.76941,30.5,542,0.043483488,2.954132,69.480159,8.504582,0.037042862,0
23,2013,8,1514498,0.024,0.7425,3.7,1,17.48785714,1.040714286,8.926428571,13.67453571,30.5,542,0.043483488,2.954132,69.480159,8.504582,0.037042862,0
23,2013,9,1199689,0.027,0.7295,3,1,6.924375,1.744375,10.954375,7.0071375,30.5,542,0.043483488,2.954132,69.480159,8.504582,0.037042862,0
23,2015,5,357354,0.015,0.5915,3.8,1,14.16222222,1.835185185,11.03074074,20.34581852,30.5,542,0.043483488,2.954132,69.480159,8.504582,0.037042862,0
23,2015,6,1131625,0.011,0.5825,4.2,1,19.81,0,7.576666667,19.1927,30.5,542,0.043483488,2.954132,69.480159,8.504582,0.037042862,0
23,2015,7,714710,0.015,0.5625,3.6,1,17.23444444,6.581111111,11.40222222,14.49861111,30.5,542,0.043483488,2.954132,69.480159,8.504582,0.037042862,0
23,2015,8,536030,0.016,0.6425,4.5,1,18.82833333,1.023333333,7.483333333,16.37896667,30.5,542,0.043483488,2.954132,69.480159,8.504582,0.037042862,0
23,2015,8,1463453,0.03,0.6025,3,1,17.45888889,2.756666667,9.406666667,15.2875,30.5,542,0.043483488,2.954132,69.480159,8.504582,0.037042862,0
23,2015,9,782773,0.012,0.6425,3.5,1,9.20375,0.499375,9.593125,10.2184,30.5,542,0.043483488,2.954132,69.480159,8.504582,0.037042862,0
23,2017,5,280778,0.025,0.7425,2.5,1,15.18411765,2.594117647,11.45470588,19.04134706,30.5,542,0.043483488,2.954132,69.480159,8.504582,0.037042862,0
23,2017,6,34032,0.013,0.7425,5.6,1,18.03214286,2.246428571,9.112857143,20.13467857,30.5,542,0.043483488,2.954132,69.480159,8.504582,0.037042862,0
23,2017,7,527524,0.015,0.6521,4.1,1,17.435625,1.816875,8.35625,17.65929375,30.5,542,0.043483488,2.954132,69.480159,8.504582,0.037042862,0
23,2017,8,1157146,0.012,0.6221,4,1,16.7,0.398333333,10.84166667,15.13391667,30.5,542,0.043483488,2.954132,69.480159,8.504582,0.037042862,1
23,2017,9,1778261,0.032,0.6821,2.9,1,9.615909091,0.952272727,10.95636364,8.723968182,30.5,542,0.043483488,2.954132,69.480159,8.504582,0.037042862,0
25,2013,6,17016,0.008,0.76,2.3,1,18.30533333,2.615333333,14.02533333,23.21226667,17,810,0.008877533,90.195879,0.036226,0.152046,0.010269378,0
25,2013,7,85083,0.0067,0.61,3.7,1,18.43933333,1.59,13.28133333,20.01294,17,810,0.008877533,90.195879,0.036226,0.152046,0.010269378,0
25,2013,8,102101,0.0068,0.46,4.6,1,21.38466667,0,12.326,20.96040667,17,810,0.008877533,90.195879,0.036226,0.152046,0.010269378,0
27,2006,7,0,0.004,0.201,3.95,1,15.80461538,0.891538462,10.02923077,16.93671538,21.5,949,0.066823945,14.871635,67.951155,1.584203,0.002987634,0
27,2006,8,31906,0.004,0.122,2.9,1,15.87466667,0.578,9.891333333,16.32640667,21.5,949,0.066823945,14.871635,67.951155,1.584203,0.002987634,0
27,2014,6,0,0.0378,0.2784,0.3,1,16.57214286,1.204285714,13.42285714,19.88796429,21.5,949,0.066823945,14.871635,67.951155,1.584203,0.002987634,0
27,2014,7,0,0.005,0.0715,5.6,1,17.33666667,2.546666667,11.274,18.36236667,21.5,949,0.066823945,14.871635,67.951155,1.584203,0.002987634,0
27,2014,8,0,0.0052,0.0672,3.5,1,10.4137931,1.830689655,8.952758621,13.33132069,21.5,949,0.066823945,14.871635,67.951155,1.584203,0.002987634,0
28,2016,6,10414375,0.024,1.4025,2,1,14.88090909,1.713181818,12.78590909,19.93815455,15,581,0.234084964,26.926458,46.184879,11.322352,0.056300336,1
28,2016,8,11571527,0.048,1.7025,1,0,11.151875,1.499375,11.91875,11.1532,15,581,0.234084964,26.926458,46.184879,11.322352,0.056300336,1
32,2017,6,1338663,0.022,0.7125,1.5,0,17.42764706,1.427647059,10.90352941,18.15134706,7,476,0.002239398,0,68.910964,14.011948,0.105909053,1
32,2017,7,2994981,0.032,1.2021,0.75,1,17.256,1.439333333,9.665333333,18.12114667,7,476,0.002239398,0,68.910964,14.011948,0.105909053,0
32,2017,8,306302,0.034,1.003,1.1,0,15.65789474,0.686315789,13.48105263,13.52628947,7,476,0.002239398,0,68.910964,14.011948,0.105909053,0
33,2006,7,969963,0.031,1.513,2,1,15.28413793,4.560344828,8.974827586,15.7946931,7.5,899,0.096101891,43.773075,14.314766,3.549391,0.314816812,0
33,2006,9,623953,0.03,1.463,2.25,1,14.40625,2.05875,9.38125,12.6137875,7.5,899,0.096101891,43.773075,14.314766,3.549391,0.314816812,0
33,2008,7,1863354,0.054,1.673,1.7,0,15.508,0.812,10.62666667,20.09576667,7.5,899,0.096101891,43.773075,14.314766,3.549391,0.314816812,1
33,2008,8,2475964,0.044,1.803,2,0,11.69,3.358,9.718,12.63288667,7.5,899,0.096101891,43.773075,14.314766,3.549391,0.314816812,1
33,2011,7,1046538,0.0402,1.503,2.4,1,15.55666667,7.491428571,11.74428571,17.10672857,7.5,899,0.096101891,43.773075,14.314766,3.549391,0.314816812,0
33,2011,8,689183,0.0406,1.393,2,0,15.51090909,1.209090909,8.365909091,15.52272273,7.5,899,0.096101891,43.773075,14.314766,3.549391,0.314816812,0
34,2017,6,34260806,0.086,2.7025,0.75,1,15.276,3.522,12.42866667,15.74343333,8,738,0.212660872,22.719547,51.192703,1.293626,0.129129693,1
34,2017,7,13222171,0.071,2.9025,0.6,1,17.68,1.389375,9.95875,19.09516875,8,738,0.212660872,22.719547,51.192703,1.293626,0.129129693,1
34,2017,8,10618575,0.071,2.6021,0.7,1,16.43333333,1.366666667,9.114285714,16.74332857,8,738,0.212660872,22.719547,51.192703,1.293626,0.129129693,1
35,2017,6,27873774,0.13,3.8025,0.25,1,16.95333333,1.335,12.057,20.99529,3,788,0.229203934,75.72389,8.804421,1.866999,0.04219664,1
35,2017,7,30834725,0.17,3.3021,0.25,1,14.82666667,0.56,6.2,16.9905,3,788,0.229203934,75.72389,8.804421,1.866999,0.04219664,1
35,2017,8,46456297,0.11,3.4021,0.4,1,17.946,0,10.682,17.01858,3,788,0.229203934,75.72389,8.804421,1.866999,0.04219664,1
36,2017,7,14192146,0.095,2.9021,1.1,1,18.2875,2.42125,7.89125,19.7498125,7,329,0,0,68.654706,27.564764,0.025215968,1
36,2017,8,20675602,0.2,3.6021,0.2,1,19.42666667,0,8.095,17.49895,7,329,0,0,68.654706,27.564764,0.025215968,1
36,2017,8,4015997,0.081,2.34,1.5,0,14.07125,0.42,7.88375,12.4388625,7,329,0,0,68.654706,27.564764,0.025215968,1
37,2017,6,646638,0.018,1.2025,3.3,0,14.516,3.098,11.14066667,18.18018,8,600,0.182219574,26.623808,44.414338,2.775409,0.176475344,0
37,2017,7,521851,0.014,1.1021,3.1,1,16.4475,4.463928571,8.106071429,18.02380714,8,600,0.182219574,26.623808,44.414338,2.775409,0.176475344,1
37,2017,8,1701691,0.018,1.2021,1.3,0,14.895,0.9325,8.706,15.407325,8,600,0.182219574,26.623808,44.414338,2.775409,0.176475344,0
38,2012,6,2322812,0.0883,1.5561,2.75,0,15.72285714,2.015,8.925,18.40503571,6.5,730,0.371586055,38.739195,40.081047,7.655695,0.08191437,1
38,2012,7,25321230,0.14,2.593,0.9,1,17.96090909,6.198181818,8.473636364,15.10935909,6.5,730,0.371586055,38.739195,40.081047,7.655695,0.08191437,1
38,2012,8,43189041,0.486,4.883,0.9,1,14.51,1.832727273,10.58363636,12.48035909,6.5,730,0.371586055,38.739195,40.081047,7.655695,0.08191437,1
39,2007,7,442440,0.019,1.123,1.75,1,19.41647059,3.224705882,8.674705882,17.75138824,9,730,0.151242842,37.368184,29.547524,0.755686,0.179509432,1
39,2007,8,1769759,0.023,1.013,1.9,1,13.62809524,1.212380952,8.30047619,13.58131429,9,730,0.151242842,37.368184,29.547524,0.755686,0.179509432,1
39,2017,6,1284774,0.031,1.4025,2.5,1,15.885,1.543333333,12.94222222,21.06043889,9,730,0.151242842,37.368184,29.547524,0.755686,0.179509432,0
39,2017,7,850843,0.031,1.3021,1.75,1,16.50148148,2.642962963,9.193703704,17.55847778,9,730,0.151242842,37.368184,29.547524,0.755686,0.179509432,1
39,2017,8,4135118,0.041,1.6021,1.75,1,15.35411765,1.203529412,9.564117647,13.33231176,9,730,0.151242842,37.368184,29.547524,0.755686,0.179509432,0
40,2006,7,2348336,0.014,0.2525,8,1,13.8662069,1.874137931,4.873103448,16.60207241,23,1153,0,0,88.984594,3.036527,0.029347967,0
41,2005,7,1956945,0.079,1.2525,1.8,1,15.955,1.746818182,12.22318182,16.91400455,11.3,540,0.337970063,34.931091,54.591987,1.04594,0.039366113,0
42,2016,6,428826,0.0068,0.1525,1.9,0,17.07533333,4.608,14.98666667,19.85094,5.5,958,0.062996815,60.631752,0.467957,2.971367,0.233705291,1
42,2016,7,1531524,0.009,0.1725,1.9,1,17.76190476,2.171904762,10.88714286,16.38415238,5.5,958,0.062996815,60.631752,0.467957,2.971367,0.233705291,0
42,2016,8,306304,0.011,0.2425,1.2,0,13.255625,1.63625,16.64,13.354775,5.5,958,0.062996815,60.631752,0.467957,2.971367,0.233705291,0
43,2012,6,878071,0.0494,0.995,2.5,1,16.26142857,2.204285714,10.33285714,20.5011,9,724,0.327915984,33.149611,41.504796,6.059295,0.077443333,1
43,2012,7,5421601,0.0667,1.733,1.75,1,18.23272727,4.080909091,8.999090909,15.48637727,9,724,0.327915984,33.149611,41.504796,6.059295,0.077443333,1
43,2012,8,28894785,0.245,3.333,0.25,1,14.83727273,1.905909091,11.74681818,12.06612727,9,724,0.327915984,33.149611,41.504796,6.059295,0.077443333,1
44,2014,6,1361352,0.0271,1.303,2.2,0,12.418125,3.258125,11.161875,18.897325,3.5,856,0.113100151,61.703853,18.061208,0.552864,0.060857118,1
44,2014,7,3641620,0.0276,1.253,1.3,1,17.22518519,2.576666667,10.02074074,21.15185185,3.5,856,0.113100151,61.703853,18.061208,0.552864,0.060857118,1
44,2014,8,4322303,0.0198,1.3803,1.5,1,15.46181818,0.883636364,7.856363636,14.44842727,3.5,856,0.113100151,61.703853,18.061208,0.552864,0.060857118,1
44,2017,6,1735727,0.017,1.2025,1.6,0,17.36875,1.35125,12.00125,21.772275,3.5,856,0.113100151,61.703853,18.061208,0.552864,0.060857118,1
44,2017,7,7198169,0.052,1.3021,1.6,0,14.744,1.25,10.821,22.00223,3.5,856,0.113100151,61.703853,18.061208,0.552864,0.060857118,1
44,2017,8,7623594,0.017,1.4021,1.4,0,16.1552381,0.789047619,8.423333333,18.7560381,3.5,856,0.113100151,61.703853,18.061208,0.552864,0.060857118,1
45,2013,7,340337,0.0067,0.211,1.5,0,16.77107143,1.573928571,11.48107143,20.08922857,9,873,0.020671609,74.40076,0.192677,0.251114,0.04659981,0
45,2013,8,119118,0.021,0.229,1.8,1,17.48666667,0.076666667,10.59,19.4401,9,873,0.020671609,74.40076,0.192677,0.251114,0.04659981,0
46,2013,7,272270,0.0095,0.285,4.5,0,16.64692308,1.448076923,11.20346154,19.66338846,15,768,0.006522331,1.226705,1.450616,2.422797,0.408720568,0
46,2013,8,187182,0.0071,0.173,3.6,0,18.67714286,0.295714286,10.77285714,18.97251429,15,768,0.006522331,1.226705,1.450616,2.422797,0.408720568,0
46,2013,9,323319,0.009,0.249,3.4,0,14.56111111,1.379444444,13.62277778,13.08135,15,768,0.006522331,1.226705,1.450616,2.422797,0.408720568,0
47,2017,6,22688,0.043,2.0025,2.5,1,13.46111111,5.3,12.88,17.88341111,9.5,568,0.219860071,39.058534,45.051579,2.941353,0.047355312,1
47,2017,7,2220709,0.061,2.9021,0.9,1,17.086,1.307333333,10.28266667,18.04655333,9.5,568,0.219860071,39.058534,45.051579,2.941353,0.047355312,1
47,2017,8,4152127,0.055,2.4021,1.3,1,14.84,0.5,6.79,9.0019,9.5,568,0.219860071,39.058534,45.051579,2.941353,0.047355312,1
47,2017,8,6432404,0.055,2.4047,1.3,0,15.57,7.15,10.18,15.7474,9.5,568,0.219860071,39.058534,45.051579,2.941353,0.047355312,1
48,2017,6,1293285,0.013,0.3925,3.6,1,17.604,1.641333333,10.50866667,25.44842667,14,1241,0.148073744,10.688931,71.483651,1.273213,0.027729584,1
48,2017,7,4313796,0.012,0.4121,2.7,1,16.81,0.36,9.296923077,20.42340769,14,1241,0.148073744,10.688931,71.483651,1.273213,0.027729584,1
48,2017,8,9342308,0.011,0.4421,2.7,1,17.21304348,0.019130435,12.60391304,16.98903043,14,1241,0.148073744,10.688931,71.483651,1.273213,0.027729584,1
49,2017,6,255250,0.03,1.6025,2,1,15.438,2.799333333,12.01533333,19.59322,5.5,738,0.213854235,19.192252,45.707752,8.058611,0.162596521,0
49,2017,7,255249,0.054,1.9047,1.75,0,15.845,4.420454545,7.049545455,16.80455455,5.5,738,0.213854235,19.192252,45.707752,8.058611,0.162596521,1
49,2017,8,2297283,0.11,2.2021,0.9,0,16.595,1.295,7.0825,16.49775,5.5,738,0.213854235,19.192252,45.707752,8.058611,0.162596521,1
50,2017,6,51048,0.018,0.8863,4.4,1,14.254375,4.560625,14.240625,15.36881875,13,698,0.039793613,1.708164,63.442699,13.486229,0.130211233,0
50,2017,7,462860,0.017,0.9621,3,1,16.07730769,4.698846154,9.742692308,18.28508077,13,698,0.039793613,1.708164,63.442699,13.486229,0.130211233,0
50,2017,8,408398,0.021,1.0021,1.7,1,14.96055556,0.911111111,10.79333333,15.7629,13,698,0.039793613,1.708164,63.442699,13.486229,0.130211233,0
51,2017,6,438184,0.027,0.8925,3,1,15.28833333,2.83,15.21166667,18.23338333,9.5,625,0.083531869,6.486404,68.515733,14.553156,0.066746938,1
51,2017,7,4050030,0.035,1.3021,1,1,15.866,4.4836,10.466,16.856716,9.5,625,0.083531869,6.486404,68.515733,14.553156,0.066746938,1
51,2017,8,3624597,0.095,1.2021,1.5,0,14.92142857,0.883333333,11.56,14.17263333,9.5,625,0.083531869,6.486404,68.515733,14.553156,0.066746938,1
52,2017,6,17016,0.011,0.6325,3.2,1,14.035,3.350625,13.598125,17.2131125,28.5,689,0.094551717,9.541372,66.98949,6.690799,0.059013426,0
52,2017,8,165915,0.0082,0.6021,4.1,1,14.36166667,0.6725,10.2025,14.40904167,28.5,689,0.094551717,9.541372,66.98949,6.690799,0.059013426,0
55,2012,7,272269,0.019,0.469,1,1,18.748,0.416,11.04333333,22.44331333,16,1030,0.159820041,65.382624,0.647935,0.543378,0.091640916,0
56,2017,7,2229217,0.21,13.021,1,0,16.19952381,2.624761905,10.83619048,17.1511,1,765,0.12925671,26.126923,39.498218,2.73864,0.20402895,0
56,2017,8,740235,0.21,13.066,1.1,0,15.52730769,0.470769231,9.723846154,16.22682308,1,765,0.12925671,26.126923,39.498218,2.73864,0.20402895,0
57,2013,5,17016,0.071,1.747,2.9,1,13.7775,2.71375,12.14125,16.282025,3.5,718,0.00045604,0,34.433555,3.807946,0.542696136,1
57,2013,6,9342307,0.082,1.491,2.2,1,17.31333333,1.693333333,10.466,22.31425333,3.5,718,0.00045604,0,34.433555,3.807946,0.542696136,1
57,2013,7,6483460,0.184,4.173,1.8,1,15.52933333,3.382,9.295333333,16.45366667,3.5,718,0.00045604,0,34.433555,3.807946,0.542696136,1
57,2013,8,20998927,0.359,4.55,1.1,1,14.99875,0.1825,15.18,16.130675,3.5,718,0.00045604,0,34.433555,3.807946,0.542696136,1
57,2013,9,5156138,0.488,3.599,1.2,0,14.41066667,1.578666667,10.51066667,12.95673333,3.5,718,0.00045604,0,34.433555,3.807946,0.542696136,0
58,2005,8,5896370,0.053,1.6225,1.5,0,12.07529412,2.547647059,11.96176471,14.61420588,13,533,0.266969698,56.249946,25.743735,3.733019,0.065466942,1
58,2017,6,6585560,0.052,2.0025,1.5,1,16.87666667,2.365,9.356666667,20.46721667,13,533,0.266969698,56.249946,25.743735,3.733019,0.065466942,1
58,2017,7,16846784,0.059,1.8081,1,1,15.85888889,6.638888889,9.485555556,17.71977778,13,533,0.266969698,56.249946,25.743735,3.733019,0.065466942,1
58,2017,8,9189154,0.069,2.1021,0.8,1,16.858,0.218,9.908,20.34306,13,533,0.266969698,56.249946,25.743735,3.733019,0.065466942,1
58,2017,8,10975932,0.077,2.1021,0.8,1,15.03818182,0.435454545,8.619090909,15.32580909,13,533,0.266969698,56.249946,25.743735,3.733019,0.065466942,1
59,2017,6,1293286,0.044,3.2025,1,0,16.05222222,1.424444444,10.88666667,19.58768889,4.5,560,0.164789705,19.292914,52.831451,3.521822,0.15569531,0
59,2017,7,1021011,0.049,2.9021,1.1,0,15.81666667,5.91,8.85,20.6456,4.5,560,0.164789705,19.292914,52.831451,3.521822,0.15569531,0
59,2017,8,748744,0.047,3.7021,1.1,0,15.75833333,2.653333333,8.516666667,16.239125,4.5,560,0.164789705,19.292914,52.831451,3.521822,0.15569531,0
61,1987,5,68067,0.087,1.5105,0.9,1,10.12705882,1.645882353,13.39117647,19.23905882,8,686,0.375011206,43.077184,36.858056,2.479795,0.079783917,0
61,1987,6,81680,0.075,1.074,1.75,1,16.56,0.973846154,12.93923077,20.09126154,8,686,0.375011206,43.077184,36.858056,2.479795,0.079783917,0
61,1987,6,51050,0.032,1.095,3,1,16.16733333,1.258666667,10.24866667,19.64587333,8,686,0.375011206,43.077184,36.858056,2.479795,0.079783917,1
61,1987,7,2833316,0.063,1.594,1,1,15.33764706,5.753529412,11.73176471,12.92489412,8,686,0.375011206,43.077184,36.858056,2.479795,0.079783917,1
61,1987,8,4977455,0.081,1.9505,0.55,1,13.45357143,1.055,12.40357143,14.19356429,8,686,0.375011206,43.077184,36.858056,2.479795,0.079783917,1
61,1987,9,6585560,0.078,1.7305,0.75,0,10.2747619,0.32047619,13.30666667,8.805790476,8,686,0.375011206,43.077184,36.858056,2.479795,0.079783917,0
61,1988,5,34032,0.0523,1.2405,2.1,1,12.62125,0.71125,16.8575,20.1538125,8,686,0.375011206,43.077184,36.858056,2.479795,0.079783917,0
61,1988,6,187183,0.045,1.2505,2.7,1,14.25714286,4.620714286,14.25285714,17.05999286,8,686,0.375011206,43.077184,36.858056,2.479795,0.079783917,0
61,1988,6,510505,0.0541,1.3305,2,1,15.31333333,5.908,16.03133333,17.93444,8,686,0.375011206,43.077184,36.858056,2.479795,0.079783917,1
61,1988,7,3701185,0.0599,1.552,1.2,1,16.08125,3.0075,10.714375,17.38011875,8,686,0.375011206,43.077184,36.858056,2.479795,0.079783917,1
61,1988,8,4262743,0.106,1.9105,0.85,1,17.43785714,0.48,11.84642857,16.08634286,8,686,0.375011206,43.077184,36.858056,2.479795,0.079783917,1
61,1988,9,2118607,0.1005,1.552,0.95,0,7.276666667,0.609333333,13.45866667,9.376053333,8,686,0.375011206,43.077184,36.858056,2.479795,0.079783917,1
61,1989,5,893388,0.0635,1.1705,1.5,1,8.390769231,7.021538462,15.88923077,15.493,8,686,0.375011206,43.077184,36.858056,2.479795,0.079783917,0
61,1989,6,331830,0.0475,1.122,3.6,1,15.256,2.202666667,14.804,19.30086,8,686,0.375011206,43.077184,36.858056,2.479795,0.079783917,1
61,1989,8,16361801,0.1259,2.672,0.3,1,18.06863636,4.435909091,9.801363636,13.85599545,8,686,0.375011206,43.077184,36.858056,2.479795,0.079783917,1
61,1989,9,18888817,0.1337,2.0505,0.75,0,10.73347826,0.755652174,12.86086957,11.76236522,8,686,0.375011206,43.077184,36.858056,2.479795,0.079783917,1
61,1990,6,509047944,0.0417,1.261,2.9,1,15.77733333,2.629333333,11.22866667,19.02489333,8,686,0.375011206,43.077184,36.858056,2.479795,0.079783917,1
61,1990,7,154226106,0.0984,2.553,0.4,1,18.86666667,0.090666667,9.609333333,21.24934667,8,686,0.375011206,43.077184,36.858056,2.479795,0.079783917,1
61,1990,8,160635226,0.1149,2.201,0.65,1,13.50416667,4.40375,11.21208333,13.01614167,8,686,0.375011206,43.077184,36.858056,2.479795,0.079783917,1
61,1990,9,34484050,0.1156,2.155,0.75,0,6.06,1.62125,17.455,8.2553375,8,686,0.375011206,43.077184,36.858056,2.479795,0.079783917,1
61,1991,8,24963876,0.107,5.752,0.6,1,14.03761905,1.941904762,9.948571429,13.60762857,8,686,0.375011206,43.077184,36.858056,2.479795,0.079783917,1
61,1992,5,23151000,0.0432,1.443,3.2,1,13.972,2.216,13.91733333,20.50983333,8,686,0.375011206,43.077184,36.858056,2.479795,0.079783917,1
61,1992,6,243816516,0.034,1.243,4.5,1,17.48888889,0.84,10.78222222,20.34884444,8,686,0.375011206,43.077184,36.858056,2.479795,0.079783917,1
61,1992,7,199967108,0.0668,1.42,2.5,0,15.12875,0.89,11.7375,20.21795,8,686,0.375011206,43.077184,36.858056,2.479795,0.079783917,1
61,1992,8,77012044,0.0672,1.703,1.7,1,17.25625,2.593125,10.355625,17.061675,8,686,0.375011206,43.077184,36.858056,2.479795,0.079783917,1
61,1992,9,117071632,0.0801,1.881,2.8,0,7.036923077,3.430769231,12.17846154,9.459384615,8,686,0.375011206,43.077184,36.858056,2.479795,0.079783917,1
61,1993,5,50128840,0.0692,1.604,1.2,1,13.48533333,1.349333333,14.156,20.60241333,8,686,0.375011206,43.077184,36.858056,2.479795,0.079783917,1
61,1993,6,206688284,0.068,1.462,1.4,0,14.53,0.608571429,12.62571429,21.46955714,8,686,0.375011206,43.077184,36.858056,2.479795,0.079783917,1
61,1993,6,68753024,0.0875,1.851,0.8,0,13.82333333,2.285555556,10.58222222,14.27856667,8,686,0.375011206,43.077184,36.858056,2.479795,0.079783917,1
61,1993,7,287340468,0.0804,2.505,0.7,1,17.17882353,3.221176471,11.89,18.23014706,8,686,0.375011206,43.077184,36.858056,2.479795,0.079783917,1
61,1993,8,36129462,0.1056,3.055,0.6,1,13.99,4.009230769,10.27230769,14.01902308,8,686,0.375011206,43.077184,36.858056,2.479795,0.079783917,1
61,1993,9,97814622,0.109,2.515,0.5,0,9.512666667,1.992666667,11.46066667,10.69772667,8,686,0.375011206,43.077184,36.858056,2.479795,0.079783917,1
61,1994,5,307735812,0.0524,1.563,1.3,1,13.96533333,3.366666667,13.762,16.62966,8,686,0.375011206,43.077184,36.858056,2.479795,0.079783917,1
61,1994,6,507137342,0.0483,1.583,1.3,1,15.68888889,3.387777778,9.97,17.39334444,8,686,0.375011206,43.077184,36.858056,2.479795,0.079783917,1
61,1994,7,24358000,0.0652,1.794,1,1,18.14321429,2.003571429,9.330714286,19.02605,8,686,0.375011206,43.077184,36.858056,2.479795,0.079783917,1
61,1994,8,329979530,0.0872,2.152,1.1,0,13.278,0.76,9.793333333,15.45487333,8,686,0.375011206,43.077184,36.858056,2.479795,0.079783917,1
61,1994,9,203634142,0.071,2.107,1.2,0,9.925333333,1.836,11.648,7.788206667,8,686,0.375011206,43.077184,36.858056,2.479795,0.079783917,1
61,1995,5,198784080,0.0386,1.385,2.4,0,11.63642857,0.654285714,11.38714286,20.62377143,8,686,0.375011206,43.077184,36.858056,2.479795,0.079783917,1
61,1995,5,418351838,0.0282,1.231,3.8,1,15.80266667,1.393333333,10.564,20.00559333,8,686,0.375011206,43.077184,36.858056,2.479795,0.079783917,1
61,1995,6,429680596,0.0272,1.221,2.3,1,15.11125,2.21125,7.91625,16.3489,8,686,0.375011206,43.077184,36.858056,2.479795,0.079783917,1
61,1995,7,325088970,0.0425,1.2805,2,1,16.67571429,3.514285714,8.222857143,14.7112,8,686,0.375011206,43.077184,36.858056,2.479795,0.079783917,1
61,1995,8,164643108.8,0.0616,1.485,1.8,0,11.90375,10.09125,9.1375,13.101875,8,686,0.375011206,43.077184,36.858056,2.479795,0.079783917,1
61,1995,8,66324682,0.0396,1.262,2.2,0,12.06870968,0.260645161,9.001612903,13.87182258,8,686,0.375011206,43.077184,36.858056,2.479795,0.079783917,1
61,2003,5,40839,0.067,1.482,1.7,1,15.08,2.477333333,14.38066667,20.70710667,8,686,0.375011206,43.077184,36.858056,2.479795,0.079783917,0
61,2003,6,10210,0.0559,1.366,5,1,12.05142857,6.37,13.67571429,15.09561429,8,686,0.375011206,43.077184,36.858056,2.479795,0.079783917,0
61,2003,7,275672,0.0743,1.572,2.4,0,18.32142857,0.682857143,10.15428571,21.90784286,8,686,0.375011206,43.077184,36.858056,2.479795,0.079783917,1
61,2003,7,17085025,0.1171,2.293,0.7,1,19.8075,0.17125,10.89375,20.590625,8,686,0.375011206,43.077184,36.858056,2.479795,0.079783917,1
61,2003,8,2082874,0.2055,2.41,1.25,1,14.59933333,3.604666667,9.333333333,14.92890667,8,686,0.375011206,43.077184,36.858056,2.479795,0.079783917,1
61,2003,9,4356339,0.2268,2.727,0.75,0,7.295,0.08875,10.40875,10.6999125,8,686,0.375011206,43.077184,36.858056,2.479795,0.079783917,0
61,2004,5,214412,0.0877,1.7825,1.3,0,6.284375,0.091875,11.075,22.36046875,8,686,0.375011206,43.077184,36.858056,2.479795,0.079783917,0
61,2004,6,122520,0.0833,1.812,0.9,1,13.38761905,1.411428571,11.43619048,19.44550952,8,686,0.375011206,43.077184,36.858056,2.479795,0.079783917,0
61,2004,7,680676,0.1006,2.1425,0.6,1,16.376,8.205,10.838,17.00564,8,686,0.375011206,43.077184,36.858056,2.479795,0.079783917,1
61,2004,7,3284267,0.1731,3.106,0.5,1,16.896,0.55,8.548,18.17576,8,686,0.375011206,43.077184,36.858056,2.479795,0.079783917,1
61,2004,8,3845823,0.1099,2.51,0.6,1,12.840625,1.7575,8.1125,13.976925,8,686,0.375011206,43.077184,36.858056,2.479795,0.079783917,1
61,2004,9,2161148,0.1288,2.836,0.6,0,8.758823529,1.479411765,9.641764706,11.16161176,8,686,0.375011206,43.077184,36.858056,2.479795,0.079783917,0
61,2006,5,12558512,0.103,2.546,0.5,1,13.858,2.391333333,11.53133333,17.47324667,8,686,0.375011206,43.077184,36.858056,2.479795,0.079783917,1
61,2006,6,6151628,0.115,2.2925,1.6,1,14.50933333,3.259333333,12.37733333,16.2589,8,686,0.375011206,43.077184,36.858056,2.479795,0.079783917,1
61,2006,7,6279254,0.098,2.253,0.6,1,18.78428571,2.572857143,10.29142857,17.88062857,8,686,0.375011206,43.077184,36.858056,2.479795,0.079783917,1
61,2006,7,13579530,0.105,2.2925,0.8,1,16.929,3.224,9.691,14.80361,8,686,0.375011206,43.077184,36.858056,2.479795,0.079783917,1
61,2006,8,35939811,0.129,2.4425,0.6,1,16.24904762,1.334761905,6.687619048,16.50299524,8,686,0.375011206,43.077184,36.858056,2.479795,0.079783917,1
61,2006,9,26801705,0.121,3.1825,0.3,0,9.979333333,0.402,9.971333333,8.469866667,8,686,0.375011206,43.077184,36.858056,2.479795,0.079783917,1
61,2010,5,25525,0.027,1.767,3.2,1,7.97,5.039285714,13.56571429,16.37171429,8,686,0.375011206,43.077184,36.858056,2.479795,0.079783917,0
61,2010,6,740236,0.032,1.5925,4.5,1,15.73727273,1.605454545,9.475,21.1175,8,686,0.375011206,43.077184,36.858056,2.479795,0.079783917,1
61,2010,7,3599081,0.054,1.7925,1.3,1,17.19888889,2.198888889,8.52,19.48255556,8,686,0.375011206,43.077184,36.858056,2.479795,0.079783917,1
61,2010,8,9112575,0.073,2.336,0.9,1,15.89,2.954,11.724,12.71466,8,686,0.375011206,43.077184,36.858056,2.479795,0.079783917,1
61,2010,8,3947924,0.087,2.7025,0.8,0,10.2375,0.65875,8.7425,14.9226,8,686,0.375011206,43.077184,36.858056,2.479795,0.079783917,0
61,2010,9,1403893,0.065,2.097,2,0,10.245625,1.116875,9.3975,9.92895625,8,686,0.375011206,43.077184,36.858056,2.479795,0.079783917,0
61,2014,5,7292,0.063,1.93,5.9,1,11.81285714,3.997142857,10.91357143,16.92776429,8,686,0.375011206,43.077184,36.858056,2.479795,0.079783917,1
61,2014,6,1684676,0.086,1.56,2.5,1,16.24125,1.50875,12.0825,16.5298875,8,686,0.375011206,43.077184,36.858056,2.479795,0.079783917,0
61,2014,7,1335825,0.595,1.37,1.3,1,16.93666667,2.802222222,8.986666667,18.15656667,8,686,0.375011206,43.077184,36.858056,2.479795,0.079783917,0
61,2014,8,1505994,0.084,1.92,1.8,1,17.55,0.9975,7.67625,14.9619125,8,686,0.375011206,43.077184,36.858056,2.479795,0.079783917,1
61,2014,8,5002983,0.076,0.96,1.3,1,13.53,1.911111111,9.637777778,12.01168889,8,686,0.375011206,43.077184,36.858056,2.479795,0.079783917,1
61,2014,9,10567525,0.156,2.52,1,1,11.36875,0.82875,11.153125,8.0597625,8,686,0.375011206,43.077184,36.858056,2.479795,0.079783917,1
61,2016,5,30630,0.046,1.932,5.1,1,14.828,1.311333333,10.21466667,16.86237333,8,686,0.375011206,43.077184,36.858056,2.479795,0.079783917,0
61,2016,6,58338,0.056,1.9025,3.5,1,17.33375,2.12375,8.49625,18.0653,8,686,0.375011206,43.077184,36.858056,2.479795,0.079783917,1
61,2016,7,25933840,0.061,2.0025,0.9,1,17.56733333,1.587666667,8.709666667,16.16159333,8,686,0.375011206,43.077184,36.858056,2.479795,0.079783917,1
61,2016,8,10618576,0.08,2.612,0.9,0,13.31833333,0.678333333,11.45166667,11.26661667,8,686,0.375011206,43.077184,36.858056,2.479795,0.079783917,1
61,2016,9,18174107,0.069,2.311,0.45,0,9.237826087,1.746521739,9.72,9.423726087,8,686,0.375011206,43.077184,36.858056,2.479795,0.079783917,1
62,2017,6,8508,0.009,0.5361,4.5,1,14.07375,3.325,13.414375,17.1968125,28,688,0.025992847,1.250583,73.172956,6.065424,0.147191909,0
62,2017,7,38287,0.0088,0.5421,6.5,1,15.8075,5.417857143,8.355357143,16.99779643,28,688,0.025992847,1.250583,73.172956,6.065424,0.147191909,0
62,2017,8,136133,0.0096,0.5721,6,1,14.42833333,0.661666667,10.11833333,14.36446667,28,688,0.025992847,1.250583,73.172956,6.065424,0.147191909,0
63,2016,6,204202,0.017,0.6625,1.8,1,13.97133333,4.996,12.75533333,17.69843333,16,545,0.001302204,0,58.965113,31.718806,0.029387693,0
63,2016,7,1140129,0.017,0.7525,2.7,1,16.90863636,1.467727273,9.390454545,16.70762273,16,545,0.001302204,0,58.965113,31.718806,0.029387693,0
63,2016,8,1208195,0.02,0.7425,2.75,1,15.20521739,2.913478261,10.64217391,11.94955652,16,545,0.001302204,0,58.965113,31.718806,0.029387693,1
64,2015,7,10210,0.006,0.139,1.6,1,18.63071429,0.142857143,14.14428571,23.74599286,50,1077,0.050364264,9.095593,70.488505,0.412032,0.004798867,0
64,2015,8,0,0.0062,0.186,3.4,1,12.92083333,2.057916667,19.49916667,13.216275,50,1077,0.050364264,9.095593,70.488505,0.412032,0.004798867,0
65,2016,6,71470,0.01,0.0831,3.2,1,17.05625,3.105416667,15.8575,20.93591667,5.5,939,0.09337528,3.457632,0.358787,0.182669,0.683660014,0
65,2016,7,25524,0.01,0.1654,3.4,1,17.99047619,2.315238095,11.26809524,16.9537,5.5,939,0.09337528,3.457632,0.358787,0.182669,0.683660014,0
65,2016,8,102099,0.019,0.2525,2.2,1,13.64857143,1.500714286,17.95,13.08899286,5.5,939,0.09337528,3.457632,0.358787,0.182669,0.683660014,0
67,2006,7,1021013,0.058,1.063,0.9,1,17.81466667,4.152666667,8.216666667,15.33832,10,851,0.236425831,29.141998,30.597325,0.621639,0.349689701,1
67,2006,8,3394880,0.062,1.344,2.1,1,15.98846154,1.139230769,7.770769231,16.53015385,10,851,0.236425831,29.141998,30.597325,0.621639,0.349689701,0
67,2008,7,1225216,0.029,0.793,3.25,1,16.3575,1.838333333,10.45166667,17.16976667,10,851,0.236425831,29.141998,30.597325,0.621639,0.349689701,0
67,2008,8,255249,0.025,0.563,4.6,0,10.07,0.65,8.82,12.414825,10,851,0.236425831,29.141998,30.597325,0.621639,0.349689701,0
67,2011,7,3037523,0.026,1.013,1.7,1,15.1,6.883809524,11.49952381,16.36488571,10,851,0.236425831,29.141998,30.597325,0.621639,0.349689701,1
67,2011,8,29456360,0.11,2.513,0.65,1,14.72434783,0.776086957,8.776086957,15.3525913,10,851,0.236425831,29.141998,30.597325,0.621639,0.349689701,1
67,2012,6,229728,0.0152,0.467,3.6,1,16.92269231,2.760769231,10.09115385,19.28701154,10,851,0.236425831,29.141998,30.597325,0.621639,0.349689701,1
67,2012,7,1548540,0.0203,0.733,5,1,17.95888889,4.637777778,8.195555556,16.27651111,10,851,0.236425831,29.141998,30.597325,0.621639,0.349689701,1
67,2012,8,6483457,0.0417,1.153,1.9,1,14.22529412,1.887647059,10.97647059,12.74227059,10,851,0.236425831,29.141998,30.597325,0.621639,0.349689701,1
67,2013,9,11282238,0.0335,0.918,2.5,0,17.98,0.21,6.5,11.9989,10,851,0.236425831,29.141998,30.597325,0.621639,0.349689701,1
67,2017,6,1684676,0.017,0.9825,3.25,1,17.432,1.677333333,9.704,21.53024,10,851,0.236425831,29.141998,30.597325,0.621639,0.349689701,0
67,2017,7,847443,0.04,0.8921,2,1,16.38,0.47,6.71,15.9316,10,851,0.236425831,29.141998,30.597325,0.621639,0.349689701,1
67,2017,8,5139116,0.048,1.1021,1.25,1,15.21,0,7.24,21.9898,10,851,0.236425831,29.141998,30.597325,0.621639,0.349689701,1
67,2017,8,7708676,0.049,1.3021,1.5,0,15.3975,0,8.63875,17.8507875,10,851,0.236425831,29.141998,30.597325,0.621639,0.349689701,1
68,2017,6,71470,0.011,0.4267,5.3,1,16.60714286,0.383571429,12.285,23.29202143,16,1041,0.185335612,66.242705,2.103352,0.098376,0.064974237,0
68,2017,7,626223,0.017,0.4721,1.9,1,15.47,0,10.95,28.2618,16,1041,0.185335612,66.242705,2.103352,0.098376,0.064974237,0
68,2017,8,612606,0.017,0.5721,2.9,1,16.39909091,0.673181818,11.55727273,17.93823182,16,1041,0.185335612,66.242705,2.103352,0.098376,0.064974237,1
69,1993,6,821067,0.077,1.56,5,1,12.80642857,1.814285714,13.38142857,19.97549286,13,891,0.341322052,44.749383,36.020718,0.530921,0.025071156,0
69,1993,6,348843,0.1285,1.67,3.8,1,10.52,19.43,17.67,4.9048,13,891,0.341322052,44.749383,36.020718,0.530921,0.025071156,0
69,1993,7,433929,0.0951,1.822,2.5,1,10.825,0.84,8.145,23.88745,13,891,0.341322052,44.749383,36.020718,0.530921,0.025071156,1
69,1993,8,5168896,0.0986,1.791,1.5,1,9.73,0.74,15.01,6.5457,13,891,0.341322052,44.749383,36.020718,0.530921,0.025071156,1
69,1993,8,2539776,0.1048,1.895,1.3,1,10.64625,2.82375,9.845,12.231375,13,891,0.341322052,44.749383,36.020718,0.530921,0.025071156,0
69,1993,9,212708,0.1404,1.745,1.6,0,8.569375,0.376875,11.603125,11.9204625,13,891,0.341322052,44.749383,36.020718,0.530921,0.025071156,0
69,1994,5,38287,0.1286,1.745,3.1,0,11.045,2.332142857,14.76214286,17.46646429,13,891,0.341322052,44.749383,36.020718,0.530921,0.025071156,0
69,1994,5,38287,0.1052,1.736,5.3,1,13.15733333,3.512666667,14.998,18.60004667,13,891,0.341322052,44.749383,36.020718,0.530921,0.025071156,1
69,1994,6,1633623,0.1002,1.693,2,1,13.41875,4.73375,15.02125,16.395925,13,891,0.341322052,44.749383,36.020718,0.530921,0.025071156,1
69,1994,7,3199182,0.1136,1.805,1.3,1,19.68222222,1.292222222,11.55888889,21.17975556,13,891,0.341322052,44.749383,36.020718,0.530921,0.025071156,1
69,1994,8,3075811,0.0792,2.456,1.3,1,17.86714286,2.905714286,10.26,17.02781429,13,891,0.341322052,44.749383,36.020718,0.530921,0.025071156,0
69,1994,8,1327321,0.0784,2.258,2,1,12.578125,4.26625,11.5925,13.91329375,13,891,0.341322052,44.749383,36.020718,0.530921,0.025071156,1
69,1994,9,2841829,0.1413,2.444,2,0,6.427142857,0.741428571,13.65,6.60925,13,891,0.341322052,44.749383,36.020718,0.530921,0.025071156,0
69,1996,5,153150,0.1851,1.751,1.5,1,10.10285714,2.161428571,13.51357143,20.19734286,13,891,0.341322052,44.749383,36.020718,0.530921,0.025071156,0
69,1996,6,193993,0.0942,1.385,5.8,1,11.784,3.616666667,15.038,18.05206667,13,891,0.341322052,44.749383,36.020718,0.530921,0.025071156,0
69,1996,7,347143,0.118,1.361,3.2,1,15.90625,4.41875,12.00875,19.5469625,13,891,0.341322052,44.749383,36.020718,0.530921,0.025071156,1
69,1996,7,2297285,0.104,1.1215,1.7,1,15.10444444,2.375555556,12.95111111,17.24506667,13,891,0.341322052,44.749383,36.020718,0.530921,0.025071156,1
69,1996,8,1761249,0.079,1.083,2.1,1,18.37571429,0,8.097142857,20.21695714,13,891,0.341322052,44.749383,36.020718,0.530921,0.025071156,0
69,1996,9,1191181,0.167,1.77,2.3,0,9.714,3.225333333,14.06333333,9.048073333,13,891,0.341322052,44.749383,36.020718,0.530921,0.025071156,0
69,2000,7,2879267,0.071,1.635,1.5,1,18.20266667,2.166,9.226,18.74626667,13,891,0.341322052,44.749383,36.020718,0.530921,0.025071156,1
69,2000,8,5071053,0.084,1.805,1.3,1,11.7808,1.6952,10.464,12.805156,13,891,0.341322052,44.749383,36.020718,0.530921,0.025071156,0
69,2017,6,3471449,0.083,1.8025,2.5,0,16.75,0.558333333,11.82333333,22.31188333,13,891,0.341322052,44.749383,36.020718,0.530921,0.025071156,1
69,2017,7,6687656,0.079,1.9021,1,1,16.902,1.132,11.022,20.66408,13,891,0.341322052,44.749383,36.020718,0.530921,0.025071156,1
69,2017,8,8712676,0.066,1.9021,1.3,1,16.18833333,1.688333333,11.21333333,16.60015,13,891,0.341322052,44.749383,36.020718,0.530921,0.025071156,1
69,2017,8,7121590,0.088,2.1021,0.9,0,16.23928571,0.882142857,10.36714286,14.68832143,13,891,0.341322052,44.749383,36.020718,0.530921,0.025071156,1
70,2014,6,336933,0.04,0.644,2.5,1,15.79,0.228,14.366,23.9707,19,798,0.021306047,77.038474,0.539446,0.791374,0.065874566,1
70,2014,7,6177153,0.059,0.775,1.1,1,19.19625,0.0625,10.225,25.28905,19,798,0.021306047,77.038474,0.539446,0.791374,0.065874566,1
70,2014,7,3369356,0.07,1.108,0.9,1,21.858125,0.53375,11.045625,19.85514375,19,798,0.021306047,77.038474,0.539446,0.791374,0.065874566,0
71,2006,7,1072067,0.796,8.323,0.3,0,16.05571429,7.755714286,12.71,11.5884,2,772,0.043240497,66.026003,16.097522,0.205155,0.088840468,0
71,2006,8,1191186,0.8,7.523,0.3,1,16.19083333,0.865416667,10.41583333,17.03175833,2,772,0.043240497,66.026003,16.097522,0.205155,0.088840468,0
71,2014,6,204203,0.348,6.663,0.7,0,14.0675,3.381666667,11.775,20.41225,2,772,0.043240497,66.026003,16.097522,0.205155,0.088840468,1
71,2014,7,8848818,0.342,5.943,0.45,1,17.4737037,3.078518519,11.1337037,19.05327037,2,772,0.043240497,66.026003,16.097522,0.205155,0.088840468,1
73,2008,7,22768685,0.338,6.183,0.5,0,16.98666667,1.583333333,11.24866667,15.68302667,2.5,697,0.278999382,29.174434,36.650965,3.357216,0.173749456,1
73,2008,8,20726651,0.359,6.113,0.35,1,10.295,0.7775,8.539375,12.3606625,2.5,697,0.278999382,29.174434,36.650965,3.357216,0.173749456,1
73,2015,6,612609,0.46,7.75,0.4,1,18.63538462,0.932307692,10.97538462,18.47629231,2.5,697,0.278999382,29.174434,36.650965,3.357216,0.173749456,1
73,2015,7,41861719,0.52,8.0025,0.4,0,17.11733333,1.002666667,10.634,16.36529333,2.5,697,0.278999382,29.174434,36.650965,3.357216,0.173749456,1
73,2015,8,61261049,0.69,9.9025,0.1,1,13.26227273,1.399545455,10.37318182,13.75820455,2.5,697,0.278999382,29.174434,36.650965,3.357216,0.173749456,1
75,2014,6,12762,0.025,0.395,3.6,0,16.34,0.94,12.256,25.56706,16,809,0.027556188,75.551502,0.038029,0.295186,0.031560686,0
75,2014,7,153149,0.034,0.467,2.6,1,19.68888889,0.071111111,9.59,24.45314444,16,809,0.027556188,75.551502,0.038029,0.295186,0.031560686,0
76,2007,7,20624553,0.077,3.528,0.9,1,22.58666667,0.30952381,14.03619048,21.94747619,2.5,674,0.25278468,67.940049,9.954618,0.460735,0.008816755,1
76,2007,8,2042031,0.056,3.103,0.9,0,14.6226087,1.722608696,14.74695652,14.04843043,2.5,674,0.25278468,67.940049,9.954618,0.460735,0.008816755,0
76,2009,7,8295765,0.0344,3.1835,1.3,0,17.32952381,0.78,14.67857143,20.3335619,2.5,674,0.25278468,67.940049,9.954618,0.460735,0.008816755,1
76,2009,8,3445931,0.0355,3.703,2,0,16.36318182,1.782272727,13.37818182,16.62682273,2.5,674,0.25278468,67.940049,9.954618,0.460735,0.008816755,1
76,2010,7,3165150,0.0267,3.403,1.5,0,17.87818182,0.99,10.72909091,17.38182727,2.5,674,0.25278468,67.940049,9.954618,0.460735,0.008816755,1
76,2010,8,8678645,0.0462,3.803,1.5,1,11.03333333,0.442916667,13.25833333,13.04465,2.5,674,0.25278468,67.940049,9.954618,0.460735,0.008816755,1
76,2011,7,4492473,0.0491,3.013,1.9,1,17.3985,2.683,13.6825,18.7744,2.5,674,0.25278468,67.940049,9.954618,0.460735,0.008816755,1
76,2011,8,13477430,0.0486,2.753,1.4,0,15.57904762,0.391428571,13.52952381,16.34742381,2.5,674,0.25278468,67.940049,9.954618,0.460735,0.008816755,1
78,2014,6,0,0.004,0.134,4.1,1,12.62777778,0.512222222,9.581111111,20.61086667,24,1701,0,0,56.709467,0.157847,0.040602342,0
78,2014,7,0,0.003,0.138,6.5,1,14.30655172,1.715862069,8.423448276,18.2592,24,1701,0,0,56.709467,0.157847,0.040602342,0
78,2014,8,0,0.0015,0.116,5.6,1,9.19,1.0525,10.0875,13.219275,24,1701,0,0,56.709467,0.157847,0.040602342,0
80,2014,6,0,0.014,0.44,0.9,1,15.63,0.626666667,9.73,22.3014,47,1101,0.13784856,59.860135,8.271006,0.502152,0.035962338,0
80,2014,7,0,0.009,0.32,2.7,1,19.493,1.053,9.949,22.96317,47,1101,0.13784856,59.860135,8.271006,0.502152,0.035962338,0
80,2014,8,0,0.006,0.276,3.2,1,19.20578947,1.389473684,9.896842105,17.65485789,47,1101,0.13784856,59.860135,8.271006,0.502152,0.035962338,0
80,2014,9,12762,0.005,0.182,3.1,1,8.822,3.697,12.066,12.14036,47,1101,0.13784856,59.860135,8.271006,0.502152,0.035962338,0
81,2013,6,34032,0.01,0.2215,2.4,0,17.42066667,4.12,14.50666667,22.31396,5,846,0.035362402,88.921604,0.061927,0.227279,0.011225825,0
81,2013,7,10210,0.0086,0.1715,1.4,0,17.74375,1.254375,12.00625,19.97239375,5,846,0.035362402,88.921604,0.061927,0.227279,0.011225825,0
81,2013,8,459454,0.0085,0.1515,3.7,0,20.28785714,0.161428571,14.33285714,20.83448571,5,846,0.035362402,88.921604,0.061927,0.227279,0.011225825,0
82,2017,6,418614,0.051,1.114,2.5,0,16.36181818,3.776818182,10.39636364,19.87371364,5.5,658,0.115989053,10.03146,60.028814,21.47718,0.023261881,0
82,2017,7,536029,0.086,1.1021,1.4,1,15.65,2.474,6.94,16.58178,5.5,658,0.115989053,10.03146,60.028814,21.47718,0.023261881,1
82,2017,8,5530509,0.15,1.8021,1,0,14.22333333,0.060833333,9.945,14.98049167,5.5,658,0.115989053,10.03146,60.028814,21.47718,0.023261881,1
84,2008,7,204200,0.012,0.573,7.3,1,14.91047619,2.381904762,10.7752381,18.22072381,19,937,0.033298819,51.00882,12.102392,0.091338,0.286191431,0
84,2008,8,561555,0.018,0.626,4.3,1,14.50090909,2.764545455,10.48545455,14.9326,19,937,0.033298819,51.00882,12.102392,0.091338,0.286191431,0
84,2011,7,893387,0.01,0.638,6,1,15.45904762,5.69952381,11.46571429,18.15608095,19,937,0.033298819,51.00882,12.102392,0.091338,0.286191431,1
84,2011,8,1735726,0.0165,0.569,4.4,1,15.24555556,1.266666667,8.251111111,15.68667778,19,937,0.033298819,51.00882,12.102392,0.091338,0.286191431,0
84,2015,6,663658,0.009,0.6425,5.1,1,17.53833333,2.960833333,10.60791667,20.02760833,19,937,0.033298819,51.00882,12.102392,0.091338,0.286191431,0
84,2015,7,1497486,0.011,0.8625,3.3,1,16.82166667,1.235833333,8.5375,19.23735,19,937,0.033298819,51.00882,12.102392,0.091338,0.286191431,0
84,2015,8,1378366,0.038,0.6325,3.3,0,11.43090909,2.445,9.182272727,12.28349091,19,937,0.033298819,51.00882,12.102392,0.091338,0.286191431,0
85,2007,7,1871858,0.071,2.458,1.3,1,17.233,2.323333333,8.908666667,16.55186,6,657,0.189553517,18.650774,38.071434,6.480613,0.320084367,1
85,2007,8,19705630,0.491,3.353,0.6,0,13.08785714,1.262857143,7.899285714,13.77047143,6,657,0.189553517,18.650774,38.071434,6.480613,0.320084367,1
86,2017,6,22689,0.015,0.6125,5,1,16.76,2.32,8.858125,19.7441375,40,632,0,0,74.285685,3.054184,0.204230408,0
86,2017,7,467396,0.019,0.5921,5.1,1,16.67875,0.55375,8.40875,16.8379875,40,632,0,0,74.285685,3.054184,0.204230408,0
86,2017,8,381176,0.0096,0.5521,4,1,14.71695652,0.616086957,10.28391304,14.14736087,40,632,0,0,74.285685,3.054184,0.204230408,0
87,2012,7,326722,0.008,0.384,3.3,1,17.9125,0.1625,15.7375,19.7867,36,856,0.071326308,81.309353,0.88856,0.117325,0.005474853,0
87,2012,8,163362,0.009,0.34,4.5,1,19.38,2.411666667,13.05666667,17.2266,36,856,0.071326308,81.309353,0.88856,0.117325,0.005474853,0
87,2013,8,187183,0.0058,0.2815,5,1,19.93,0.344375,12.423125,20.08179375,36,856,0.071326308,81.309353,0.88856,0.117325,0.005474853,0
88,2012,6,27225,0.076,0.617,3.6,1,15.19375,3.27375,16.91875,21.8539875,18,954,0.080116271,78.622619,1.824851,0.150919,0.004222428,0
88,2012,7,163355,0.076,0.8215,6,1,18.69555556,1.364444444,14.85111111,20.18484444,18,954,0.080116271,78.622619,1.824851,0.150919,0.004222428,0
88,2012,8,1082276,0.11,0.691,2,1,19.215,0.023333333,13.66833333,20.53733333,18,954,0.080116271,78.622619,1.824851,0.150919,0.004222428,1
88,2013,6,0,0.064,0.6515,2.5,1,13.838,3.918666667,14.19333333,20.15452667,18,954,0.080116271,78.622619,1.824851,0.150919,0.004222428,0
88,2013,7,17016,0.077,0.618,1.5,1,16.24,2.97125,11.14625,19.4261375,18,954,0.080116271,78.622619,1.824851,0.150919,0.004222428,0
88,2013,7,374368,0.029,0.5615,2.5,1,16.87965517,1.738275862,10.19931034,18.4900931,18,954,0.080116271,78.622619,1.824851,0.150919,0.004222428,0
88,2013,9,357348,0.064,1.623,2.6,1,15.36545455,2.489545455,14.55,12.4293,18,954,0.080116271,78.622619,1.824851,0.150919,0.004222428,0
88,2014,7,17016,0.13,1.04,1.6,1,19.29666667,0.711666667,12.26666667,23.44548333,18,954,0.080116271,78.622619,1.824851,0.150919,0.004222428,0
88,2014,7,187186,0.085,0.89,2,1,18.56826087,0.313478261,11.93695652,21.63477391,18,954,0.080116271,78.622619,1.824851,0.150919,0.004222428,0
88,2014,8,216964,0.19,0.845,2,1,14.04111111,7.277777778,13.01888889,16.4834,18,954,0.080116271,78.622619,1.824851,0.150919,0.004222428,0
89,2015,5,604099,0.44,1.5075,1.5,0,15.25285714,1.005238095,14.72142857,20.99015714,5,960,0.044033914,77.699369,0.080152,0.077794,0.03360182,1
89,2015,6,1557047,0.48,2.234,0.8,1,19.835,1.171875,14.12375,20.75230625,5,960,0.044033914,77.699369,0.080152,0.077794,0.03360182,1
89,2015,7,2424915,0.38,1.911,0.8,0,19.70785714,0.190714286,14.39428571,23.16465714,5,960,0.044033914,77.699369,0.080152,0.077794,0.03360182,0
90,2017,6,276524,0.077,1.1096,2.8,1,15.474,2.932,13.96866667,16.36584667,10,639,0.002261489,0.004899,63.1595,25.738309,0.010632877,1
90,2017,7,4923572,0.077,1.623,2.5,0,16.20833333,1.579333333,9.735666667,16.56893333,10,639,0.002261489,0.004899,63.1595,25.738309,0.010632877,1
90,2017,8,2807792,0.25,1.5021,1.3,0,13.0975,0.609375,10.90625,10.62525,10,639,0.002261489,0.004899,63.1595,25.738309,0.010632877,0
92,1999,5,57730,0.0296,0.7515,2.425,1,13.01266667,1.07,12.23066667,21.42588667,10,725,0.216291064,24.816301,31.424442,3.589791,0.23748639,0
92,1999,6,80822,0.02575,0.8665,2.4,1,14.70538462,5.680384615,11.71423077,17.10873462,10,725,0.216291064,24.816301,31.424442,3.589791,0.23748639,0
92,1999,7,234772,0.02595,0.9065,2.2,0,16.94235294,1.670588235,3.994705882,16.58582941,10,725,0.216291064,24.816301,31.424442,3.589791,0.23748639,0
92,1999,8,239582,0.02635,1.1565,2.275,0,12.72666667,3.450666667,9.41,12.20703333,10,725,0.216291064,24.816301,31.424442,3.589791,0.23748639,0
92,2000,5,43297,0.0295,0.7965,2.8,1,11.454,4.6325,10.1105,18.986535,10,725,0.216291064,24.816301,31.424442,3.589791,0.23748639,0
92,2000,6,202058,0.02585,0.7165,2.35,1,16.3152381,5.982857143,10.43809524,18.10800952,10,725,0.216291064,24.816301,31.424442,3.589791,0.23748639,0
92,2000,7,550373,0.02605,1.0665,2.275,1,17.77888889,0.904444444,11.61888889,15.47364444,10,725,0.216291064,24.816301,31.424442,3.589791,0.23748639,0
92,2000,8,654292,0.03115,0.9565,1.475,1,13.083,2.742,11.284,11.92107,10,725,0.216291064,24.816301,31.424442,3.589791,0.23748639,0
92,2001,5,84669,0.03105,0.84,2.55,0,12.86809524,1.901904762,16.12142857,18.93587143,10,725,0.216291064,24.816301,31.424442,3.589791,0.23748639,0
92,2001,6,115460,0.0312,0.7765,2.2,1,14.90181818,2.212727273,11.19681818,18.63851364,10,725,0.216291064,24.816301,31.424442,3.589791,0.23748639,0
92,2001,7,327141,0.0325,0.96275,1.75,0,16.3547619,8.143809524,12.57095238,15.24471905,10,725,0.216291064,24.816301,31.424442,3.589791,0.23748639,0
92,2001,8,377177,0.02805,1.0715,1.4,1,13.59857143,0.626666667,11.85571429,13.68058571,10,725,0.216291064,24.816301,31.424442,3.589791,0.23748639,0
92,2001,9,446455,0.0305,0.44575,1.75,0,10.16176471,0.024117647,11.06411765,9.138870588,10,725,0.216291064,24.816301,31.424442,3.589791,0.23748639,1
92,2002,5,55925.5,0.0267,0.89275,3.25,1,16.01551724,0.416896552,10.26,22.44976897,10,725,0.216291064,24.816301,31.424442,3.589791,0.23748639,0
92,2002,7,142400,0.02695,0.8915,2.4,1,17.20333333,3.100740741,12.90407407,16.41641111,10,725,0.216291064,24.816301,31.424442,3.589791,0.23748639,0
92,2002,8,461849,0.0309,1.0665,2.1,0,15.26708333,0.63625,9.945833333,13.88095,10,725,0.216291064,24.816301,31.424442,3.589791,0.23748639,0
92,2002,9,767831.5,0.0316,0.64775,1.85,0,6.2375,1.3425,12.605,6.7270625,10,725,0.216291064,24.816301,31.424442,3.589791,0.23748639,0
92,2003,5,263761,0.02315,0.7715,3.2,1,13.81428571,1.382857143,15.24642857,18.69139286,10,725,0.216291064,24.816301,31.424442,3.589791,0.23748639,0
92,2003,6,272266.5,0.03115,0.8365,2.3,0,15.84733333,1.758666667,13.23133333,20.38374667,10,725,0.216291064,24.816301,31.424442,3.589791,0.23748639,0
92,2003,7,864456,0.02205,0.7865,2.175,1,19.06173913,1.668695652,10.44173913,17.73235652,10,725,0.216291064,24.816301,31.424442,3.589791,0.23748639,1
92,2003,8,1745933.5,0.03635,0.9515,1.375,0,13.27380952,2.824285714,11.56,10.7779,10,725,0.216291064,24.816301,31.424442,3.589791,0.23748639,0
92,2004,5,1608099,0.03505,0.91475,2.6,0,7.656,0.696666667,10.93266667,19.99592,10,725,0.216291064,24.816301,31.424442,3.589791,0.23748639,1
92,2004,6,2903514.5,0.03345,0.8615,2.85,1,14.30148148,1.370740741,9.75,21.2041037,10,725,0.216291064,24.816301,31.424442,3.589791,0.23748639,0
92,2004,9,478596.5,0.03265,0.6465,2.35,1,10.416875,1.595625,9.840625,11.50835,10,725,0.216291064,24.816301,31.424442,3.589791,0.23748639,0
92,2005,5,680675,0.0246,0.90975,4.05,1,12.38285714,0.432142857,13.98357143,22.31210714,10,725,0.216291064,24.816301,31.424442,3.589791,0.23748639,0
92,2005,6,1467708,0.03045,0.9165,2.55,0,15.06666667,2.93,11.40333333,18.61719583,10,725,0.216291064,24.816301,31.424442,3.589791,0.23748639,1
92,2005,7,1816556.5,0.0414,0.8115,1.3,1,16.82230769,1.006923077,11.42230769,18.60921538,10,725,0.216291064,24.816301,31.424442,3.589791,0.23748639,0
92,2008,5,2393005,0.0195,0.89875,2.95,1,13.13333333,1.889166667,11.09583333,16.95535833,10,725,0.216291064,24.816301,31.424442,3.589791,0.23748639,1
92,2008,6,2671656.5,0.021,0.8115,2.85,1,17.175625,1.460625,9.28625,21.6194625,10,725,0.216291064,24.816301,31.424442,3.589791,0.23748639,1
92,2008,7,3501230.5,0.022,0.8115,2.55,1,15.86533333,2.408666667,10.67933333,16.83798,10,725,0.216291064,24.816301,31.424442,3.589791,0.23748639,1
92,2008,8,6343063.5,0.023,1.25425,1.75,1,12.62333333,1.754666667,8.896,12.41640667,10,725,0.216291064,24.816301,31.424442,3.589791,0.23748639,1
92,2008,9,5758920.75,0.0235,0.9065,1.65,0,11.67352941,0.682941176,9.918235294,10.31355294,10,725,0.216291064,24.816301,31.424442,3.589791,0.23748639,1
92,2014,5,714708,0.027,0.98,2.75,1,11.70384615,3.933076923,10.31769231,18.06187692,10,725,0.216291064,24.816301,31.424442,3.589791,0.23748639,0
92,2014,6,476665,0.034,0.8,3.1,1,16.17333333,2.812222222,10.97555556,18.80423333,10,725,0.216291064,24.816301,31.424442,3.589791,0.23748639,1
92,2014,7,3471456,2.53,0.68,2.2,1,16.79333333,2.49,8.054444444,18.76244444,10,725,0.216291064,24.816301,31.424442,3.589791,0.23748639,1
92,2014,8,3471448,0.021,0.98,2.35,1,16.85166667,1.385,7.001666667,16.40206667,10,725,0.216291064,24.816301,31.424442,3.589791,0.23748639,1
92,2014,8,1837821,0.008,0.17,1.6,0,13.92,1.513333333,8.663333333,13.58663333,10,725,0.216291064,24.816301,31.424442,3.589791,0.23748639,1
92,2014,9,3199178,0.262,1.07,2.3,1,12.87333333,0.732666667,8.8,9.82722,10,725,0.216291064,24.816301,31.424442,3.589791,0.23748639,1
92,2016,5,2144133,0.019,1.0025,4.25,1,12.00238095,5.443333333,10.73380952,15.76241429,10,725,0.216291064,24.816301,31.424442,3.589791,0.23748639,1
92,2016,6,1599591,0.067,0.9625,2.75,1,16.68375,2.26125,8.94125,18.2346,10,725,0.216291064,24.816301,31.424442,3.589791,0.23748639,1
92,2016,7,2790776,0.018,1.0025,2,0,17.558,3.851666667,8.979333333,15.97749667,10,725,0.216291064,24.816301,31.424442,3.589791,0.23748639,0
92,2016,8,685214,0.022,0.812,1.8,0,13.77875,1.91875,11.0225,12.0396875,10,725,0.216291064,24.816301,31.424442,3.589791,0.23748639,0
92,2016,9,551344,0.017,0.7425,2.75,0,9.604761905,2.459047619,9.447142857,9.579309524,10,725,0.216291064,24.816301,31.424442,3.589791,0.23748639,0
94,2015,5,17016,0.0033,0.24,1.7,1,13.98333333,2.005238095,11.8452381,22.20790476,42,1184,0.120723972,22.548487,48.258203,1.147313,0.010640612,0
95,2016,7,2297288,0.089,2.711,0.7,1,16.7845,4.8465,10.272,17.127965,0.5,1000,0.026870893,84.316679,0.290843,3.557463,0.031472044,0
95,2016,8,340337,0.096,2.8075,0.2,1,12.89235294,0.598235294,12.01647059,14.05497647,0.5,1000,0.026870893,84.316679,0.290843,3.557463,0.031472044,0
97,2005,8,1888878,0.02,0.8025,4.5,1,18.41,2.28,9.306666667,20.80236667,38,598,0.011624375,0.897025,61.56215,27.794482,0.043147606,0
